ticker,exchange
DPP,UPCOM
SDA,UPCOM
CLH,HNX
DND,UPCOM
DBT,HOSE
CCR,HNX
NOS,UPCOM
DPH,UPCOM
DSN,HOSE
WSS,HNX
STC,HNX
CFM,UPCOM
VPG,HOSE
DST,HNX
DCV,UPCOM
MBN,UPCOM
HPG,HOSE
VGC,HOSE
VCS,HNX
HT1,HOSE
SKV,UPCOM
SSG,UPCOM
HAD,HNX
TVT,HOSE
VRG,UPCOM
DGW,HOSE
VNI,UPCOM
L12,UPCOM
NDC,UPCOM
UDJ,UPCOM
GND,UPCOM
HMS,UPCOM
IVS,HNX
HHS,HOSE
ATS,HNX
BTG,UPCOM
PIV,UPCOM
RGG,UPCOM
PDB,HNX
VTO,HOSE
CBI,UPCOM
STL,UPCOM
IMP,HOSE
VTK,UPCOM
XMD,UPCOM
BHC,UPCOM
HUG,UPCOM
PTD,HNX
HBH,UPCOM
NTP,HNX
SDP,UPCOM
SBR,UPCOM
CLI,UPCOM
S99,HNX
FPT,HOSE
SGH,HNX
BED,HNX
STK,HOSE
CMI,UPCOM
TCD,HOSE
HJC,UPCOM
BCM,HOSE
TTD,UPCOM
VCM,HNX
BLT,UPCOM
SNC,UPCOM
KPF,UPCOM
VLC,UPCOM
CTW,UPCOM
IPA,HNX
TNP,UPCOM
TNH,HOSE
DC1,UPCOM
PHS,UPCOM
SAS,UPCOM
HEJ,UPCOM
ST8,HOSE
CCV,UPCOM
VSI,HOSE
NSG,UPCOM
CTD,HOSE
DVG,UPCOM
HPH,UPCOM
BNA,HNX
BSQ,UPCOM
CRV,HOSE
VNF,HNX
PVO,UPCOM
BCF,HNX
LQN,UPCOM
APL,UPCOM
HEC,UPCOM
EBS,HNX
BTH,UPCOM
ADS,HOSE
THT,HNX
PDC,UPCOM
TNS,UPCOM
VSE,UPCOM
LM8,HOSE
GTA,HOSE
SHE,HNX
VHE,HNX
HPX,HOSE
PTB,HOSE
STH,UPCOM
SGD,HNX
GEX,HOSE
PSE,HNX
DC2,HNX
QNS,UPCOM
SVT,HOSE
SGS,UPCOM
NT2,HOSE
UCT,UPCOM
HBS,HNX
KTS,HNX
H11,UPCOM
CI5,UPCOM
VIE,UPCOM
VST,UPCOM
VSC,HOSE
ATA,UPCOM
SB1,UPCOM
THU,UPCOM
VPA,UPCOM
HDP,UPCOM
PAP,UPCOM
SVD,HOSE
TTT,HNX
PTI,HNX
BSH,UPCOM
PCC,UPCOM
VNX,UPCOM
HPA,HOSE
VFR,UPCOM
SCL,UPCOM
VHL,HNX
AGF,UPCOM
HIO,UPCOM
STP,HNX
HTN,HOSE
BQB,UPCOM
NWT,UPCOM
TVH,UPCOM
BTB,UPCOM
VNP,UPCOM
VTS,UPCOM
CNT,UPCOM
HFX,UPCOM
CII,HOSE
SED,HNX
HSP,UPCOM
BTP,HOSE
PLO,UPCOM
DAC,UPCOM
CTF,HOSE
LSG,UPCOM
VMK,UPCOM
DAT,HOSE
CRE,HOSE
BHH,UPCOM
NTL,HOSE
HTE,UPCOM
VLG,UPCOM
TAR,UPCOM
MZG,HOSE
DSC,HOSE
SLD,UPCOM
DP1,UPCOM
PLP,HOSE
SPI,UPCOM
BDW,UPCOM
TCX,HOSE
VPI,HOSE
GMH,HOSE
L10,HOSE
BGW,UPCOM
TIS,UPCOM
VRC,HOSE
EIC,UPCOM
SFG,HOSE
KLB,HOSE
C21,UPCOM
VRE,HOSE
HNI,UPCOM
PSC,HNX
CGV,UPCOM
CSI,UPCOM
VCC,HNX
MGR,UPCOM
HTG,HOSE
SD3,UPCOM
CLW,HOSE
TOP,UPCOM
TTA,HOSE
TNW,UPCOM
DHT,HNX
TSD,UPCOM
WCS,HNX
MES,UPCOM
KSF,HNX
ICG,HNX
DIG,HOSE
ILA,UPCOM
DDV,UPCOM
TSG,UPCOM
IST,UPCOM
VXP,UPCOM
NBW,HNX
VHF,UPCOM
NSC,HOSE
TMW,UPCOM
GPC,UPCOM
TA6,UPCOM
CKA,UPCOM
BXH,HNX
VC6,HNX
SJD,HOSE
TGG,UPCOM
ADC,HNX
ANI,UPCOM
CPI,UPCOM
VPD,HOSE
TNT,HOSE
CCI,HOSE
USD,UPCOM
NSH,HNX
HBC,UPCOM
ANT,HOSE
VGV,UPCOM
BGE,UPCOM
VTM,UPCOM
SHC,UPCOM
DSH,UPCOM
UIC,HOSE
VSA,HNX
VPS,HOSE
SBB,UPCOM
DXP,HNX
ICI,UPCOM
TUG,UPCOM
AMV,HNX
NAC,UPCOM
FRC,UPCOM
AAM,HOSE
DGC,HOSE
SEB,HNX
BTW,HNX
AAT,HOSE
HAX,HOSE
PMG,HOSE
VDS,HOSE
TBW,UPCOM
WSB,UPCOM
LTC,UPCOM
MGG,UPCOM
PRE,HNX
SWC,UPCOM
YTC,UPCOM
VJC,HOSE
VGL,UPCOM
CIG,HOSE
HAF,UPCOM
MRF,UPCOM
SDU,HNX
HLA,UPCOM
SRB,UPCOM
MTP,UPCOM
STB,HOSE
APH,HOSE
PAT,UPCOM
BMD,UPCOM
FCN,HOSE
DDM,UPCOM
HES,UPCOM
BRR,UPCOM
ACL,HOSE
HEV,HNX
PNJ,HOSE
DTG,HNX
SJG,UPCOM
TPS,UPCOM
C69,HNX
IBD,UPCOM
BSP,UPCOM
TSJ,UPCOM
NAB,HOSE
ND2,UPCOM
BMV,UPCOM
KSD,HNX
VWS,UPCOM
PID,UPCOM
BKC,HNX
EFI,UPCOM
HAN,UPCOM
NHT,HOSE
PDV,HOSE
PVI,HNX
NNC,HOSE
GIC,HNX
DHN,UPCOM
VCP,UPCOM
SC5,HOSE
UPS,UPCOM
DOP,UPCOM
ISH,UPCOM
SGN,HOSE
FSO,UPCOM
VFG,HOSE
VNB,UPCOM
CVN,UPCOM
CMK,UPCOM
GTS,UPCOM
NLS,UPCOM
PGB,UPCOM
OCH,HNX
DXV,HOSE
VC2,HNX
GEL,HOSE
SFN,HNX
SVC,HOSE
SBM,UPCOM
TEG,HOSE
RYG,HOSE
THS,HNX
VSF,UPCOM
LAW,UPCOM
VTQ,UPCOM
PSW,HNX
SJ1,HNX
PPT,HNX
MPY,UPCOM
SPV,UPCOM
BQP,UPCOM
PPC,HOSE
DAG,UPCOM
BSL,UPCOM
PVP,HOSE
VDP,HOSE
VPW,UPCOM
DMN,UPCOM
CET,HNX
LHG,HOSE
AGG,HOSE
PQN,UPCOM
VTC,HNX
LDW,UPCOM
HAV,UPCOM
HAR,HOSE
OGC,HOSE
ACB,HOSE
TVD,HNX
TDT,HNX
NKG,HOSE
HMH,HNX
VE4,HNX
BTN,UPCOM
VE2,UPCOM
VXT,UPCOM
SVH,UPCOM
QTC,HNX
TMB,HNX
X77,UPCOM
DVC,UPCOM
PXL,UPCOM
BVS,HNX
ICT,HOSE
CPC,HNX
DNM,UPCOM
APG,HOSE
SBV,HOSE
GMD,HOSE
TOT,HNX
VIR,UPCOM
BIO,UPCOM
VSM,HNX
GKM,HNX
DKG,UPCOM
GCB,UPCOM
DPC,UPCOM
HU4,UPCOM
HDB,HOSE
SVN,HNX
NUE,UPCOM
PTL,HOSE
VIP,HOSE
BVH,HOSE
APT,UPCOM
L63,UPCOM
HLO,UPCOM
MPC,UPCOM
PMW,UPCOM
HNF,UPCOM
SKG,HOSE
TNB,UPCOM
AGM,UPCOM
DBM,UPCOM
VID,HOSE
DTT,HOSE
KHW,UPCOM
PVH,UPCOM
TCH,HOSE
TAL,HOSE
PVT,HOSE
PJS,UPCOM
BPC,HNX
UNI,HNX
ART,UPCOM
UXC,UPCOM
RTB,UPCOM
QCC,UPCOM
GDA,UPCOM
HOM,HNX
FHN,UPCOM
VTG,UPCOM
TCW,UPCOM
PRO,UPCOM
PBP,HNX
G36,UPCOM
D2D,HOSE
LNC,UPCOM
TIN,UPCOM
HVA,UPCOM
SJS,HOSE
TBD,UPCOM
DPR,HOSE
AGR,HOSE
HII,HOSE
DSG,UPCOM
ICF,UPCOM
IDV,HNX
DPM,HOSE
IDJ,HNX
ASP,HOSE
SZG,UPCOM
SHI,HOSE
TMP,HOSE
HU6,UPCOM
PBC,UPCOM
TTS,UPCOM
LEC,UPCOM
CNA,UPCOM
DC4,HOSE
TDP,HOSE
SFC,HOSE
ODE,UPCOM
GEE,HOSE
VHC,HOSE
E29,UPCOM
HPB,UPCOM
DLG,HOSE
ADG,HOSE
DOC,UPCOM
MVB,HNX
PFL,UPCOM
CJC,HNX
DCM,HOSE
HVX,UPCOM
NLG,HOSE
PPY,HNX
HGT,UPCOM
CIP,UPCOM
PMT,UPCOM
SFI,HOSE
KTC,UPCOM
ITS,UPCOM
CDR,UPCOM
MTH,UPCOM
PSP,UPCOM
FGL,UPCOM
PLX,HOSE
CTT,HNX
AVC,UPCOM
DL1,HNX
PTH,UPCOM
HDG,HOSE
PET,HOSE
VET,UPCOM
IRC,UPCOM
MTV,UPCOM
AST,HOSE
TT6,UPCOM
TDH,HOSE
VTZ,HNX
BTV,UPCOM
TYA,HOSE
VEA,UPCOM
CMC,HNX
HTI,HOSE
HVH,HOSE
M10,UPCOM
PDN,HOSE
TLH,HOSE
ABI,UPCOM
TA9,HNX
PVB,HNX
SDY,UPCOM
SNZ,UPCOM
NXT,UPCOM
KDH,HOSE
PCT,HNX
VMG,UPCOM
HD6,UPCOM
HKB,UPCOM
LGL,HOSE
PTC,HOSE
DHC,HOSE
CTP,HNX
CDO,UPCOM
NDW,UPCOM
CLX,UPCOM
MDF,UPCOM
SMT,HNX
GLW,UPCOM
LBE,HNX
MTS,UPCOM
IFS,UPCOM
PNC,HOSE
CMS,HNX
DQC,HOSE
BWE,HOSE
PPP,HNX
BMJ,UPCOM
VNM,HOSE
BCP,UPCOM
PIS,UPCOM
DPG,HOSE
PNT,UPCOM
AFX,HOSE
VCT,UPCOM
STT,UPCOM
RCL,HNX
ALC,UPCOM
LKW,UPCOM
ILB,HOSE
VOS,HOSE
APC,UPCOM
HTL,HOSE
HD2,UPCOM
VTH,HNX
SRA,HNX
AAN,HOSE
DAD,HNX
PDR,HOSE
DHD,UPCOM
TXM,HNX
MWG,HOSE
SBG,HOSE
TRV,UPCOM
HDM,UPCOM
PVG,HNX
SSN,UPCOM
VTB,HOSE
VES,UPCOM
L40,HNX
VTI,UPCOM
VBC,HNX
L61,UPCOM
NED,UPCOM
OIL,UPCOM
MHC,HOSE
GVT,UPCOM
NO1,HOSE
TTE,HOSE
HCC,HNX
NSS,UPCOM
DIC,UPCOM
MFS,UPCOM
KDM,HNX
TSA,HOSE
VCA,HOSE
SHA,HOSE
SEA,UPCOM
SGP,UPCOM
MTB,UPCOM
GMA,HNX
HPP,UPCOM
BTU,UPCOM
BIG,UPCOM
POS,UPCOM
KOS,HOSE
MLC,UPCOM
HMR,HNX
GER,UPCOM
TCL,HOSE
THM,UPCOM
SDC,HNX
BNW,UPCOM
PHR,HOSE
PTE,UPCOM
SCI,HNX
THD,HNX
SPH,UPCOM
PWA,UPCOM
NGC,UPCOM
CDC,HOSE
PVS,HNX
HHC,HNX
DBD,HOSE
UPH,UPCOM
RCD,UPCOM
X20,HNX
DTA,HOSE
PJT,HOSE
SDV,UPCOM
SJE,HNX
FMC,HOSE
DZM,UPCOM
NVP,UPCOM
BHN,HOSE
DSP,UPCOM
VFS,HNX
CAP,HNX
STW,UPCOM
L18,HNX
QCG,HOSE
SBD,UPCOM
PGC,HOSE
PGT,HNX
SPM,HOSE
NHA,HOSE
MIE,UPCOM
SBT,HOSE
SGB,UPCOM
SRC,HOSE
SD6,UPCOM
CTI,HOSE
PXS,UPCOM
API,HNX
DIH,HNX
CCM,UPCOM
VND,HOSE
MCP,HOSE
THN,UPCOM
TCB,HOSE
D11,HNX
DBC,HOSE
KHG,HOSE
CPA,UPCOM
PTM,UPCOM
GMX,HNX
DRH,HOSE
PSH,UPCOM
TVM,UPCOM
NTW,UPCOM
VNL,HOSE
SGT,HOSE
PHN,HNX
BSI,HOSE
BOT,UPCOM
LAS,HNX
BHI,UPCOM
SJF,UPCOM
SHN,HNX
PEQ,UPCOM
NBC,HNX
VGS,HNX
CNN,UPCOM
MCF,HNX
DWS,UPCOM
HJS,HNX
CNC,UPCOM
HLD,HNX
HSG,HOSE
X26,UPCOM
PAI,UPCOM
SCJ,UPCOM
TVA,UPCOM
TMS,HOSE
PAS,UPCOM
SZE,UPCOM
C4G,UPCOM
XHC,UPCOM
KKC,HNX
BIC,HOSE
HUT,HNX
SKN,UPCOM
BRS,UPCOM
KMT,HNX
HND,UPCOM
ACM,UPCOM
DTH,UPCOM
PEN,HNX
BMS,UPCOM
LCG,HOSE
HCM,HOSE
SBA,HOSE
LAI,UPCOM
EVF,HOSE
VIB,HOSE
AAA,HOSE
PVY,UPCOM
TR1,UPCOM
L45,UPCOM
HAH,HOSE
VDL,HNX
VMD,HOSE
GLC,UPCOM
HSV,UPCOM
CAR,HNX
HD8,UPCOM
KDC,HOSE
LO5,UPCOM
EVE,HOSE
SCG,HNX
SD9,HNX
FCC,UPCOM
VAV,UPCOM
PRT,UPCOM
BBM,UPCOM
PTX,HNX
SSB,HOSE
SAB,HOSE
TV2,HOSE
VNZ,UPCOM
NAS,UPCOM
NCS,UPCOM
CIA,HNX
CSM,HOSE
SCS,HOSE
NDN,HNX
HPD,UPCOM
QNW,UPCOM
HHG,UPCOM
TET,HNX
PVX,UPCOM
SMC,HOSE
EIB,HOSE
DAH,HOSE
KHX,UPCOM
FTS,HOSE
KTL,UPCOM
HLB,UPCOM
TL4,UPCOM
SBH,UPCOM
FOC,UPCOM
SCO,UPCOM
EVS,HNX
BBT,UPCOM
LM3,UPCOM
NVL,HOSE
HEP,UPCOM
VKC,UPCOM
CKD,UPCOM
S72,UPCOM
AIG,UPCOM
THW,UPCOM
VSG,UPCOM
PBT,UPCOM
HNR,UPCOM
DLT,UPCOM
PPS,HNX
BFC,HOSE
TTG,UPCOM
DAE,HNX
FDC,HOSE
CEO,HNX
PPI,UPCOM
STG,HOSE
AMS,UPCOM
TSB,HNX
GGG,UPCOM
DP2,UPCOM
CKG,HOSE
TCK,UPCOM
CKV,HNX
CSC,HNX
HQC,HOSE
PXM,UPCOM
BVB,UPCOM
PPH,UPCOM
SSI,HOSE
BMF,UPCOM
CT6,UPCOM
DTC,UPCOM
CMD,UPCOM
VIC,HOSE
HNM,UPCOM
GH3,UPCOM
FCS,UPCOM
DTK,HNX
RDP,UPCOM
TNA,UPCOM
VW3,UPCOM
HLS,UPCOM
MSH,HOSE
NSL,UPCOM
MNB,UPCOM
KHD,UPCOM
HCT,HNX
TCM,HOSE
POV,UPCOM
VLS,UPCOM
TDC,HOSE
KHP,HOSE
SD2,UPCOM
SVG,UPCOM
NBE,UPCOM
VPR,UPCOM
CCA,UPCOM
ICC,UPCOM
MST,HNX
PVR,UPCOM
SGI,UPCOM
MSR,UPCOM
ANV,HOSE
EID,HNX
AAS,UPCOM
NAF,HOSE
VNG,HOSE
BTD,UPCOM
YBM,HOSE
TKA,UPCOM
CLC,HOSE
HFB,UPCOM
BEL,UPCOM
FIR,HOSE
KHS,HNX
CMM,UPCOM
VGI,UPCOM
VGT,UPCOM
GDW,HNX
VE9,UPCOM
ABR,HOSE
VIF,HNX
PND,UPCOM
CQN,UPCOM
L35,UPCOM
PVL,UPCOM
TTL,HNX
SMA,HOSE
FRT,HOSE
TCJ,UPCOM
DRI,UPCOM
TOW,UPCOM
MAS,HNX
CH5,UPCOM
SDK,UPCOM
WTC,UPCOM
SHB,HOSE
BVG,UPCOM
ILC,UPCOM
QTP,UPCOM
ACG,HOSE
BRC,HOSE
CST,HNX
PCH,HNX
CC1,UPCOM
HMD,UPCOM
DSE,HOSE
DNE,UPCOM
MCC,HNX
IN4,UPCOM
KSQ,UPCOM
EME,UPCOM
PTO,UPCOM
PSD,HNX
ATG,UPCOM
CCL,HOSE
VTJ,HNX
PRC,HNX
CSV,HOSE
BTS,HNX
DXG,HOSE
MED,HNX
SHS,HNX
POM,UPCOM
NBB,HOSE
SGR,HOSE
LGC,HOSE
DVM,HNX
PIT,HOSE
NHV,UPCOM
QPH,UPCOM
UDL,UPCOM
CTB,HNX
PPE,HNX
REE,HOSE
SMN,HNX
HRB,UPCOM
MCO,HNX
TCR,HOSE
TW3,UPCOM
STS,UPCOM
AGP,UPCOM
HRC,HOSE
VMS,HNX
HSA,UPCOM
VXB,UPCOM
ORS,HOSE
HPI,UPCOM
VEF,UPCOM
VMC,HNX
DID,UPCOM
NET,HNX
NAP,HNX
VTP,HOSE
CX8,HNX
TS3,UPCOM
BAL,UPCOM
FTM,UPCOM
DDN,UPCOM
SDN,HNX
UPC,UPCOM
HUB,HOSE
GTD,UPCOM
EVG,HOSE
BCV,UPCOM
TNG,HNX
SEP,UPCOM
COM,HOSE
SGC,HNX
BSR,HOSE
CRC,HOSE
TTF,HOSE
TV3,HNX
LBM,HOSE
DS3,HNX
VLA,HNX
ISG,UPCOM
ACE,UPCOM
PWS,UPCOM
S55,HNX
OPC,HOSE
LSS,HOSE
LMI,UPCOM
MTA,UPCOM
DHB,UPCOM
BID,HOSE
PVM,UPCOM
MGC,UPCOM
DWC,UPCOM
FHS,UPCOM
DTI,UPCOM
AGX,UPCOM
QSP,UPCOM
TBR,UPCOM
HTT,UPCOM
NHC,HNX
VCB,HOSE
DKC,UPCOM
VPH,HOSE
CTS,HOSE
PV2,HNX
TRT,UPCOM
HAT,HNX
BT1,UPCOM
TED,UPCOM
VPL,HOSE
TCT,HOSE
MSB,HOSE
BWA,UPCOM
VIT,HNX
LDP,HNX
VQC,UPCOM
TVG,UPCOM
BWS,UPCOM
YEG,HOSE
HTC,HNX
HLC,HNX
MPT,UPCOM
PC1,HOSE
PGV,HOSE
HAC,UPCOM
ABW,UPCOM
JVC,HOSE
HNB,UPCOM
VMT,UPCOM
VC9,HNX
SAL,UPCOM
VIM,UPCOM
NCT,HOSE
TVC,HNX
MKV,HNX
CK8,UPCOM
CAN,HNX
PGN,HNX
BCB,UPCOM
HHP,HOSE
VCK,HOSE
VNY,UPCOM
CQT,UPCOM
VAB,HOSE
GLT,HNX
NCG,UPCOM
MCH,HOSE
VLW,UPCOM
DUS,UPCOM
CYC,UPCOM
DSD,UPCOM
PGS,HNX
TID,UPCOM
TCI,HOSE
BCC,HNX
SDD,UPCOM
ASG,HOSE
INC,HNX
TMG,UPCOM
SSM,HNX
TD6,HNX
VNT,HNX
UDC,UPCOM
LPT,UPCOM
THG,HOSE
BAB,HNX
BAX,HNX
DRL,HOSE
DFC,UPCOM
VDG,UPCOM
CMT,UPCOM
PMC,HNX
VHD,UPCOM
DTD,HNX
QHW,UPCOM
CEN,UPCOM
CMF,UPCOM
UMC,UPCOM
TMC,HNX
DLD,UPCOM
NDP,UPCOM
HKT,HNX
HHV,HOSE
VDN,UPCOM
AMP,UPCOM
VHM,HOSE
HBD,UPCOM
VPB,HOSE
VPX,HOSE
S74,UPCOM
GMC,UPCOM
VCX,UPCOM
SSC,HOSE
TDG,HOSE
BHG,UPCOM
LUT,UPCOM
DCT,UPCOM
NRC,HNX
AME,HNX
POT,HNX
SPB,UPCOM
VDT,UPCOM
PMJ,UPCOM
DVT,UPCOM
SHP,HOSE
GAS,HOSE
PMS,HNX
ONE,HNX
XPH,UPCOM
L62,UPCOM
GDT,HOSE
HNP,UPCOM
KSB,HOSE
DNW,UPCOM
TFC,HNX
VCE,UPCOM
BDT,UPCOM
CAT,UPCOM
LTG,UPCOM
LMC,UPCOM
DCF,UPCOM
CNG,HOSE
QBS,UPCOM
FCM,HOSE
PTV,UPCOM
TPB,HOSE
PGI,HOSE
NHH,HOSE
S4A,HOSE
NTH,HNX
VCG,HOSE
PVD,HOSE
VE8,UPCOM
NVB,HNX
HTM,UPCOM
MEC,UPCOM
SBL,UPCOM
LIG,HNX
HMG,UPCOM
FRM,UPCOM
MCG,UPCOM
MND,UPCOM
DHP,HNX
VE3,HNX
VNH,UPCOM
CCC,HOSE
MIC,HNX
DRC,HOSE
MBS,HNX
APF,UPCOM
IME,UPCOM
QHD,HNX
DFF,UPCOM
CDG,UPCOM
NST,HNX
MIG,HOSE
VCR,UPCOM
QNC,UPCOM
TTH,HNX
PCF,UPCOM
PTP,UPCOM
DXS,HOSE
CLM,HNX
VEC,UPCOM
ITD,HOSE
SIG,UPCOM
L14,HNX
TIE,UPCOM
EIN,UPCOM
BHA,UPCOM
NBT,UPCOM
RAT,UPCOM
CID,UPCOM
PSB,UPCOM
TLP,UPCOM
BSA,UPCOM
BHK,UPCOM
HDC,HOSE
HTV,HOSE
SAC,UPCOM
CTG,HOSE
XDH,UPCOM
IDP,UPCOM
V21,HNX
AAV,UPCOM
BSD,UPCOM
VLP,UPCOM
BVN,UPCOM
PVE,UPCOM
MKP,UPCOM
VIG,HNX
PSN,UPCOM
TDW,HOSE
HPT,UPCOM
VDB,UPCOM
HHB,UPCOM
GEG,HOSE
MH3,UPCOM
DNN,UPCOM
HAP,HOSE
DVN,UPCOM
DM7,UPCOM
DAS,UPCOM
TNI,HOSE
PXA,UPCOM
BDG,UPCOM
BTT,HOSE
SDG,HNX
PCE,HNX
NHD,UPCOM
RIC,UPCOM
DP3,HNX
ARM,HNX
MLS,UPCOM
QNP,HOSE
HU3,UPCOM
QST,HNX
PXT,UPCOM
KVC,UPCOM
OCB,HOSE
MTG,UPCOM
PTG,UPCOM
HCD,HOSE
BMI,HOSE
DDH,UPCOM
VPC,UPCOM
C32,HOSE
VIX,HOSE
TTZ,UPCOM
MML,UPCOM
ITC,HOSE
PMB,HNX
TJC,HNX
PLE,UPCOM
NJC,UPCOM
MBT,UPCOM
GTT,UPCOM
FT1,UPCOM
FIC,UPCOM
ONW,UPCOM
C47,HOSE
PCG,UPCOM
FID,HNX
LPB,HOSE
EMG,UPCOM
NQN,UPCOM
SP2,UPCOM
ACV,UPCOM
PHC,HOSE
NBP,HNX
PXI,UPCOM
KGM,UPCOM
HCI,UPCOM
PGD,HOSE
VFC,UPCOM
SID,UPCOM
ASM,HOSE
VTE,UPCOM
VMA,UPCOM
VNR,HNX
QNU,UPCOM
SPC,HNX
PSL,UPCOM
VTX,UPCOM
SD7,UPCOM
VIW,UPCOM
TVS,HOSE
TAW,UPCOM
LMH,UPCOM
MDC,HNX
TV6,UPCOM
KBC,HOSE
TN1,HOSE
VC7,HNX
EGL,UPCOM
DGT,UPCOM
HSL,HOSE
XLV,UPCOM
LCM,UPCOM
NDF,UPCOM
TVN,UPCOM
DRG,UPCOM
UTT,UPCOM
ABB,UPCOM
HC1,UPCOM
ALT,HNX
HHN,UPCOM
NAU,UPCOM
CMN,UPCOM
CMG,HOSE
MEF,UPCOM
NAV,HOSE
SBS,UPCOM
HSM,UPCOM
LIC,UPCOM
TMX,HNX
DHM,HOSE
TH1,UPCOM
CT3,UPCOM
IDI,HOSE
C22,UPCOM
FOX,UPCOM
TRS,UPCOM
VGG,UPCOM
DCS,UPCOM
BLF,UPCOM
PNP,UPCOM
DDB,UPCOM
SCD,UPCOM
HLT,UPCOM
MHL,UPCOM
VLB,UPCOM
TV1,UPCOM
HID,HOSE
DDG,UPCOM
PCM,UPCOM
TIP,HOSE
TV4,HNX
VHH,UPCOM
CCP,UPCOM
JOS,UPCOM
HMC,HOSE
VSH,HOSE
BBH,UPCOM
DLR,UPCOM
BLN,UPCOM
E12,UPCOM
BVL,UPCOM
TDS,UPCOM
MBG,HNX
SAF,HNX
TDF,UPCOM
VVS,HOSE
TMT,HOSE
USC,UPCOM
SIP,HOSE
DCL,HOSE
TPC,HOSE
PTS,HNX
MDG,HOSE
VTD,UPCOM
PNG,UPCOM
VAF,UPCOM
CMX,HOSE
BT6,UPCOM
MA1,UPCOM
PJC,HNX
KCB,UPCOM
PLA,UPCOM
SD8,UPCOM
MBB,HOSE
CLL,HOSE
BBS,HNX
BMG,UPCOM
VTV,HNX
KMR,HOSE
SDT,UPCOM
SD4,UPCOM
IDC,HNX
ADP,HOSE
KTT,UPCOM
VSN,UPCOM
BCA,UPCOM
LCD,HNX
TST,UPCOM
ALV,UPCOM
HLY,UPCOM
HAM,UPCOM
DNP,HNX
DMC,HOSE
TVB,HOSE
CHP,HOSE
SLS,HNX
ECO,UPCOM
VIN,UPCOM
CTR,HOSE
SZL,HOSE
ILS,UPCOM
TDB,UPCOM
BKG,HOSE
LG9,UPCOM
AAH,UPCOM
TDM,HOSE
BMK,UPCOM
ACC,HOSE
TNC,HOSE
POW,HOSE
GHC,HOSE
HOT,UPCOM
PVV,UPCOM
BCG,HOSE
UEM,UPCOM
BLI,UPCOM
TGP,UPCOM
HNA,HOSE
TTN,UPCOM
FBC,UPCOM
NFC,HNX
HNG,UPCOM
SD5,HNX
F88,UPCOM
SAM,HOSE
VCI,HOSE
DTP,UPCOM
BMC,HOSE
ACS,UPCOM
CAG,HNX
VBH,UPCOM
MAC,HNX
TAN,UPCOM
SMB,HOSE
LAF,HOSE
NNT,UPCOM
BMP,HOSE
BSG,UPCOM
VGP,HNX
TKU,HNX
DHA,HOSE
MEL,HNX
VTA,UPCOM
SCC,UPCOM
XMC,UPCOM
VHG,UPCOM
A32,UPCOM
VBG,UPCOM
SZB,HNX
TLG,HOSE
TAB,UPCOM
AIC,UPCOM
APS,HNX
NDX,HNX
CMV,HOSE
HAG,HOSE
CTX,UPCOM
PVC,HNX
AMC,HNX
TIG,HNX
VTR,UPCOM
FIT,HOSE
BHP,UPCOM
PLC,HNX
TQW,UPCOM
VE1,HNX
VCF,HOSE
VUA,UPCOM
SJM,UPCOM
HFC,UPCOM
HVN,HOSE
TSC,HOSE
DCR,UPCOM
HWS,UPCOM
HPO,UPCOM
HDW,UPCOM
VC1,HNX
GCF,UPCOM
APP,UPCOM
STD,UPCOM
BAF,HOSE
MSN,HOSE
MDA,UPCOM
PIC,HNX
MVN,UPCOM
MQB,UPCOM
CBS,UPCOM
ABS,HOSE
THP,UPCOM
DVW,UPCOM
CCT,UPCOM
YBC,UPCOM
TIX,HOSE
CVT,HOSE
TRC,HOSE
ECI,HNX
ITA,UPCOM
ITQ,HNX
SZC,HOSE
DTL,HOSE
PIA,HNX
KST,HNX
DCG,UPCOM
INN,HNX
CMW,UPCOM
KIP,UPCOM
C92,UPCOM
PAN,HOSE
TBC,HOSE
VGR,UPCOM
PMP,HNX
DNA,UPCOM
HAS,HOSE
NAW,UPCOM
MQN,UPCOM
BCR,UPCOM
PHP,UPCOM
IJC,HOSE
NTF,UPCOM
FTI,UPCOM
ELC,HOSE
CDP,UPCOM
KSV,HNX
NVT,HOSE
PTT,UPCOM
VC3,HNX
S12,UPCOM
GDH,UPCOM
SAV,HOSE
CCS,UPCOM
TRA,HOSE
CDN,HNX
RAL,HOSE
BCE,HOSE
MTL,UPCOM
ICN,UPCOM
CAD,UPCOM
DXL,UPCOM
ABC,UPCOM
TTB,UPCOM
GVR,HOSE
MCM,HOSE
SPD,UPCOM
LLM,UPCOM
LHC,HNX
DAN,UPCOM
AG1,UPCOM
HGM,HNX
PSI,HNX
G20,UPCOM
LM7,UPCOM
MVC,UPCOM
LIX,HOSE
PAC,HOSE
SKH,UPCOM
VNC,HNX
LDG,HOSE
QNT,UPCOM
HPW,UPCOM
CMP,UPCOM
CHC,UPCOM
RBC,UPCOM
VBT,UPCOM
NTT,UPCOM
HVT,HNX
SRF,HOSE
V12,HNX
EMS,UPCOM
SIV,UPCOM
VNS,HOSE
DNL,UPCOM
DNT,UPCOM
SCR,HOSE
AVG,UPCOM
DNC,HNX
DNH,UPCOM
NDT,UPCOM
HC3,UPCOM
NAG,HNX
HU1,HOSE
RCC,UPCOM
CHS,UPCOM
GSM,UPCOM
TCO,HOSE
CFV,UPCOM
SII,UPCOM
VNA,UPCOM
CPH,UPCOM
XMP,UPCOM
TOS,UPCOM
DVP,HOSE
THB,HNX
GSP,HOSE
HTP,UPCOM
PHH,UPCOM
NQB,UPCOM
TTC,HNX
VVN,UPCOM
GIL,HOSE
L43,UPCOM
HDA,HNX
TLD,HOSE
NTC,HOSE
SSH,UPCOM
TPP,HNX
ABT,HOSE
DHG,HOSE
PEG,UPCOM
POB,UPCOM
DCH,UPCOM
CHPG2616,HOSE
CVNM2523,HOSE
CVNM2609,HOSE
CFPT2520,HOSE
CMBB2603,HOSE
CHDB2508,HOSE
CVHM2604,HOSE
CVPB2602,HOSE
CTCB2601,HOSE
CHPG2624,HOSE
CMSN2614,HOSE
CVRE2605,HOSE
CTCB2522,HOSE
CVNM2520,HOSE
CMWG2614,HOSE
CVNM2606,HOSE
CHPG2617,HOSE
CSTB2612,HOSE
CHPG2541,HOSE
CTCB2608,HOSE
CVHM2610,HOSE
CVHM2523,HOSE
CVJC2603,HOSE
CTPB2607,HOSE
CSHB2612,HOSE
CFPT2603,HOSE
CSTB2616,HOSE
CVPB2610,HOSE
CVHM2603,HOSE
CACB2611,HOSE
CHDB2604,HOSE
CTPB2602,HOSE
CFPT2606,HOSE
CVJC2602,HOSE
CVRE2521,HOSE
CVIC2603,HOSE
CTPB2605,HOSE
CMSN2615,HOSE
CFPT2611,HOSE
CTCB2610,HOSE
CVNM2603,HOSE
CVNM2608,HOSE
CMWG2525,HOSE
CVHM2614,HOSE
CHPG2606,HOSE
CMSN2613,HOSE
CLPB2602,HOSE
CSTB2614,HOSE
CMWG2613,HOSE
CVIB2603,HOSE
CACB2602,HOSE
CSTB2606,HOSE
CTPB2506,HOSE
CACB2511,HOSE
CFPT2620,HOSE
CLPB2605,HOSE
CHPG2615,HOSE
CACB2608,HOSE
CFPT2608,HOSE
CSSB2602,HOSE
CVNM2610,HOSE
CACB2607,HOSE
CSTB2602,HOSE
CACB2516,HOSE
CVNM2604,HOSE
CVPB2608,HOSE
CSSB2606,HOSE
CSSB2605,HOSE
CMWG2611,HOSE
CVIC2604,HOSE
CVJC2604,HOSE
CVJC2601,HOSE
CMBB2612,HOSE
CVRE2602,HOSE
CVNM2611,HOSE
CHPG2610,HOSE
CMBB2522,HOSE
CSTB2608,HOSE
CSHB2606,HOSE
CFPT2618,HOSE
CSTB2611,HOSE
CMWG2604,HOSE
CSHB2610,HOSE
CHPG2621,HOSE
CSTB2603,HOSE
CFPT2612,HOSE
CACB2514,HOSE
CHDB2509,HOSE
CHPG2607,HOSE
CHPG2614,HOSE
CMBB2520,HOSE
CSTB2525,HOSE
CMSN2603,HOSE
CMBB2605,HOSE
CVPB2528,HOSE
CSHB2608,HOSE
CVHM2613,HOSE
CHPG2532,HOSE
CHPG2618,HOSE
CMSN2609,HOSE
CMSN2611,HOSE
CHPG2605,HOSE
CMSN2605,HOSE
CSTB2613,HOSE
CVHM2609,HOSE
CACB2609,HOSE
CACB2612,HOSE
CACB2610,HOSE
CHDB2606,HOSE
CFPT2604,HOSE
CVPB2607,HOSE
CVIC2605,HOSE
CHPG2609,HOSE
CVIC2601,HOSE
CMSN2606,HOSE
CTPB2604,HOSE
CMBB2606,HOSE
CMBB2517,HOSE
CMSN2617,HOSE
CACB2613,HOSE
CVNM2607,HOSE
CSTB2604,HOSE
CVIC2602,HOSE
CMWG2527,HOSE
CVPB2531,HOSE
CSTB2537,HOSE
CVHM2611,HOSE
CHPG2540,HOSE
CFPT2615,HOSE
CVHM2602,HOSE
CHPG2604,HOSE
CFPT2614,HOSE
CVRE2526,HOSE
CVIB2605,HOSE
CTPB2603,HOSE
CVRE2603,HOSE
CSHB2607,HOSE
CVNM2601,HOSE
CVRE2525,HOSE
CHPG2612,HOSE
CMWG2610,HOSE
CACB2603,HOSE
CTCB2520,HOSE
CSTB2536,HOSE
CMSN2601,HOSE
CSTB2607,HOSE
CHPG2539,HOSE
CSHB2609,HOSE
CTCB2521,HOSE
CMSN2610,HOSE
CVNM2612,HOSE
CVPB2532,HOSE
CVPB2614,HOSE
CMBB2523,HOSE
CTPB2606,HOSE
CMBB2610,HOSE
CHPG2623,HOSE
CVPB2612,HOSE
CVIC2515,HOSE
CSTB2609,HOSE
CMWG2602,HOSE
CVNM2602,HOSE
CDGC2601,HOSE
CTCB2603,HOSE
CHPG2525,HOSE
CHPG2620,HOSE
CVRE2604,HOSE
CMWG2518,HOSE
CSTB2617,HOSE
CACB2606,HOSE
CMWG2609,HOSE
CVIC2516,HOSE
CACB2515,HOSE
CVPB2521,HOSE
CMBB2607,HOSE
CFPT2619,HOSE
CVIB2513,HOSE
CTCB2605,HOSE
CSHB2603,HOSE
CVHM2608,HOSE
CMWG2603,HOSE
CVHM2520,HOSE
CTCB2609,HOSE
CSSB2607,HOSE
CFPT2617,HOSE
CMBB2602,HOSE
CHPG2619,HOSE
CSTB2533,HOSE
CMBB2521,HOSE
CMSN2618,HOSE
CLPB2603,HOSE
CMSN2522,HOSE
CFPT2533,HOSE
CHDB2603,HOSE
CVIB2601,HOSE
CACB2604,HOSE
CVPB2613,HOSE
CHDB2605,HOSE
CVPB2522,HOSE
CVIB2604,HOSE
CMWG2615,HOSE
CSSB2604,HOSE
CACB2517,HOSE
CFPT2602,HOSE
CHPG2622,HOSE
CMWG2524,HOSE
CMBB2611,HOSE
CMBB2604,HOSE
CLPB2606,HOSE
CSHB2605,HOSE
CVPB2603,HOSE
CFPT2613,HOSE
CSTB2615,HOSE
CVHM2524,HOSE
CFPT2528,HOSE
CTCB2607,HOSE
CHPG2613,HOSE
CHDB2607,HOSE
CMBB2613,HOSE
CMSN2608,HOSE
CFPT2529,HOSE
CVPB2609,HOSE
CSHB2611,HOSE
CHDB2602,HOSE
CHPG2538,HOSE
CFPT2609,HOSE
CSTB2610,HOSE
CMSN2612,HOSE
CVHM2612,HOSE
CLPB2604,HOSE
CVPB2606,HOSE
CFPT2616,HOSE
CMWG2612,HOSE
CSTB2618,HOSE
CFPT2518,HOSE
CMBB2609,HOSE
CVNM2605,HOSE
CSSB2603,HOSE
CMWG2526,HOSE
CTPB2608,HOSE
CTCB2523,HOSE
CACB2605,HOSE
CMSN2616,HOSE
CHPG2603,HOSE
CTCB2606,HOSE
CSTB2532,HOSE
CVIC2606,HOSE
CVHM2607,HOSE
CMWG2607,HOSE
CFPT2610,HOSE
CHPG2602,HOSE
CFPT2532,HOSE
CVPB2611,HOSE
FUCTVGF3,HOSE
FUCVREIT,HOSE
FUEDCMID,HOSE
FUEMITEC,HOSE
FUESSV50,HOSE
FUEVN50G,HOSE
E1VFVN30,HOSE
FUEMAV30,HOSE
FUESSV30,HOSE
FUEKIVFS,HOSE
FUCTVGF5,HOSE
FUESSVFL,HOSE
FUEABVND,HOSE
FUEKIVND,HOSE
FUEVN100,HOSE
FUEMAVND,HOSE
FUEKIV30,HOSE
FUEFCV50,HOSE
FUCTVGF4,HOSE
FUETCC50,HOSE
FUEVFVND,HOSE
FUETPVND,HOSE
FUEBFVND,HOSE
FUEIP100,HOSE
41BAG9000,XHNF
41I1G7000,XHNF
41I1GC000,XHNF
41BAGC000,XHNF
41I2G8000,XHNF
41I2G7000,XHNF
41I2GC000,XHNF
41I1G8000,XHNF
41B5H3000,XHNF
41I2G9000,XHNF
41B5G9000,XHNF
41BAH3000,XHNF
41I1G9000,XHNF
41B5GC000,XHNF
HDB125011,HNX
CII124021,HNX
HDB125012,HNX
CII425021,HNX
BID123004,HNX
LPB122013,HNX
SBT425026,HNX
LPB123009,HNX
NPM123022,HNX
CTG121031,HNX
VND125033,HNX
BAB123032,HNX
CTG125013,HNX
BAB124026,HNX
NAB125004,HNX
BVB124020,HNX
CMX123035,HNX
MSN123010,HNX
KLB125015,HNX
BAB124025,HNX
BCG122006,HNX
MML121021,HNX
CTG126005,HNX
BID126008,HNX
TCX126011,HNX
VAB125034,HNX
LPB121036,HNX
VIC124003,HNX
CTG125001,HNX
CTG125002,HNX
LPB125028,HNX
LPB126018,HNX
VBA125019,HNX
MSN123008,HNX
LPB123016,HNX
F88126015,HNX
BAF126003,HNX
LPB125027,HNX
TDP124010,HNX
BID126009,HNX
SHB125010,HNX
KLB126021,HNX
VCK125005,HNX
BID126007,HNX
VBA123036,HNX
KLB125031,HNX
HDB125024,HNX
NPM123021,HNX
MSN123014,HNX
DSE125004,HNX
VPI124001,HNX
VBA121033,HNX
HDB125025,HNX
CTG123019,HNX
VAB125020,HNX
KLB124009,HNX
DSE125018,HNX
HDB126017,HNX
NVL122001,HNX
LPB122011,HNX
VHM121025,HNX
CTG125014,HNX
BAB124016,HNX
LPB126020,HNX
TNG124027,HNX
SHB125017,HNX
CTG123034,HNX
KLB125016,HNX
HDB124023,HNX
VND125032,HNX
F88126002,HNX
HDB126016,HNX
HDC425001,HNX
MSN123009,HNX
VIC123029,HNX
LPB126019,HNX
LPB125007,HNX
BID122005,HNX
VAB125029,HNX
BAB125022,HNX
CTD126006,HNX
MNB425035,HNX
HDB124018,HNX
NPM123024,HNX
CII424002,HNX
LPB125006,HNX
VBB124007,HNX
NPM123023,HNX
CVT122009,HNX
BVB125003,HNX
VBA124019,HNX
CTG123033,HNX
BAB125023,HNX
VIC124005,HNX
TPB12314,
AQ112501,
DRT12102,
MBB12506,
BID12429,
TPB12543,
VIL12301,
BHB12501,
BID12442,
NPM12304,
SSA12105,
HDB12303,
MSB12601,
SBT12302,
TNF32103,
BAB12501,
UPS12501,
CTG12132,
PKA12501,
ACB12521,
HTX12301,
MBB12107,
BID12152,
TPB12524,
BPG12101,
WTO12111,
LPB12506,
MBB12409,
NPM12305,
VHM12601,
OCB12427,
WTO12107,
VJC12509,
ABB12512,
TNR32103,
TMI12305,
BID12326,
PGB12501,
XD312301,
VJC12315,
VBA12206,
LPB12401,
VIB12321,
CTG12301,
TMS12101,
TPB12442,
CII12504,
BID12102,
MBB12341,
VJC12332,
BID12407,
NTJ12601,
VHM12603,
VHA32108,
TXC12301,
MBB12606,
CPL12301,
TP112601,
HAA12201,
MBB12526,
MSB12505,
TPB12540,
DPQ12203,
CPT12201,
MBB12224,
YTW12102,
TPB12541,
DPQ12501,
IPA12402,
EVF12201,
VIF12502,
BID12441,
BID12520,
BID12534,
BPB12101,
BID12101,
VJC12333,
TPB12439,
ACB12416,
TPB12408,
SBP12204,
TPB12535,
CGG12101,
MBB12425,
ACB12505,
TCB12605,
TBA12401,
MSB12503,
HCV12601,
VPI12601,
VJC12105,
BID12553,
TPB12527,
VDS12601,
HAA12401,
YTW12101,
HDB12602,
BID12542,
HDB12430,
VJC12316,
CTG12108,
ABB12404,
AVT12401,
HDB12409,
BID12549,
BAB12401,
BID12421,
TNQ32502,
VIC12502,
SGX12501,
BID12410,
NAB12502,
LTB12101,
LPB12411,
VIC12504,
HCV12503,
HDQ12302,
HDB12423,
VCB12215,
TRE32501,
HAH42401,
MBS12301,
SBT12501,
IDI12401,
ACB12503,
TNU12101,
F8812505,
MSB12510,
OCB12528,
TPB12441,
NAB12501,
BNC12504,
ABB12511,
MBB12102,
OCB12518,
MRE12101,
VJC12502,
HDB12501,
PSI12301,
HDB12412,
MSG32503,
DRT12501,
CTG12131,
BID12419,
TPB12509,
BID12211,
BID12559,
AHB12402,
CTG12415,
TPB12525,
HDB12510,
CTG12219,
VJC12507,
VPB12504,
EVF12502,
BAB12604,
AAS12201,
EVF12602,
ABB12501,
BID12551,
VPB12502,
HUT32401,
HDB12417,
NLG12404,
DPQ12205,
KNC12101,
HCV12508,
TNF32102,
VPB12512,
ETC42501,
ORS12202,
BID12555,
HDB12202,
BNC12301,
BID12121,
STI12501,
ABB12507,
BP112501,
BID12506,
TPQ12104,
HCV12602,
VPL12601,
TCB12522,
TPB12437,
VHM12502,
F8812507,
ACB12504,
HDL12104,
OCB12426,
TPB12403,
BID12124,
TCB12524,
CII12401,
THL12601,
VCB12103,
VCB12107,
CTG12307,
VIC12509,
ECF12502,
CTG12505,
CTG12412,
TLE12402,
TPB12324,
BCM12305,
NLG12402,
CTG12305,
HDL12109,
GEG12401,
BID12543,
ABB12503,
TPB12517,
WTO12105,
MBB12411,
WTO12102,
VJC12405,
VCB12501,
OCB12521,
VJV12302,
VDI12101,
MTD12502,
TPB12507,
BID12301,
ENC12401,
TDR12203,
MSB12508,
MSF12501,
TCO42501,
BID12255,
MBB12408,
RHG12101,
CTG12409,
MBB12426,
TOC12502,
NPM12209,
PC112201,
VJC12329,
VJC12310,
NAB12305,
VIB12322,
MBB12228,
TVS12501,
LPB12502,
BID12510,
TPB12531,
BID12513,
VKT12101,
BNC12101,
TCX12505,
ATL12401,
BID12439,
AP132101,
BID12512,
VPB12602,
HDB12406,
MBB12525,
TPQ12103,
TCB12526,
BID12535,
BID12558,
TPB12409,
BID12373,
TTE12101,
LPB12406,
LPB12603,
CI312101,
TCB12601,
BAF42301,
OCB12511,
IMG12101,
TPB12523,
MBB12414,
BNC12102,
CDC12101,
MBB12404,
BID12561,
SBT12301,
BAB12503,
ABB12403,
MSB12506,
VJC12301,
LPB12510,
CTG12503,
OCB12504,
TPB12321,
CTG12218,
TPB12320,
BAB12601,
TPB12522,
CTG12507,
VAB12401,
CII12503,
KHG12601,
TCB12510,
CTG12217,
BID12562,
VBA12502,
ABB12402,
BID12424,
VJC12317,
MBB12405,
LHT12403,
IPA12401,
TSO12502,
TPB12445,
MBB12520,
BCM12402,
VHM12501,
WTO12109,
TCB12403,
MBB12340,
BID12552,
CLV12302,
SHB12404,
CTG12105,
QTA12301,
MBB12605,
WTO12101,
QTA12302,
TCB12505,
TSL12102,
TPB12529,
BAB12507,
BID12433,
MFF12301,
HDB12420,
BID12521,
MBB12413,
MBB12532,
VJC12504,
MSB12411,
MBB12111,
TVR32504,
WDL12101,
MBB12105,
TPB12528,
FSP12401,
SSA12104,
VPI12402,
ABB12510,
HCV12401,
BCM12501,
HDB12429,
MBB12522,
TPB12328,
BWL12401,
TPB12538,
BAB12506,
IMG12102,
MAD32601,
BID12548,
VCB12105,
VJC12326,
VIC12508,
MBB12428,
MAR12601,
ABB12509,
BID12554,
MBB12416,
DPQ12206,
MBB12113,
TBB12102,
TRM12503,
CII12501,
KRF12501,
MBB12118,
HDC12501,
SHD12401,
VBA12209,
TPB12508,
ATI12401,
MBB12509,
BID12365,
HDL12107,
TPB12316,
WTO12108,
MBB12511,
TBA12301,
VBA12505,
BID12505,
VAB12501,
OLC32501,
CTG12414,
TCB12608,
CTG12336,
BCM12407,
AGH12601,
TND12501,
OCB12317,
VJC12309,
ABB12515,
AVT12402,
SGJ12303,
BCM12404,
KHG12501,
TDK12107,
SBP12102,
SHJ12102,
VJC12336,
BID12546,
SIN12402,
CTG12410,
BMS12501,
MBS12403,
ACB12403,
TMI12402,
MSB12404,
VBB12106,
CTG12402,
LPB12507,
NLG12205,
SHL12502,
PC112202,
ACB12515,
CLV12301,
BID12519,
MBB12238,
HDB12418,
BAB12510,
VBA12208,
DIG12403,
VPB12505,
TPB12542,
BID12404,
MBB12301,
NLG12304,
CTG12306,
TVR32505,
YTW12103,
VPB12515,
HDB12227,
EVF12503,
VHA32104,
HCV12506,
AP132202,
MRE32104,
HDB12509,
ACB12414,
BID12246,
BID12375,
TCB12602,
VPB12511,
MBB12503,
LPB12407,
CTG12221,
VCB12214,
GFV12101,
VIC12506,
HDB12302,
BID12366,
SGG12101,
FHT12401,
SIN12401,
TCB12521,
VJC12327,
CTG12337,
BID12544,
TRD52401,
BGG12104,
VPI12503,
HDL12106,
HBX12401,
MBB12302,
TPB12423,
TCB12416,
VPB12401,
CIV12101,
TNQ32505,
BID12117,
MBB12530,
TDK12106,
LPB12508,
VBA12207,
MBB12101,
SHL12501,
TPB12333,
VIC12507,
MSN12202,
LPB12511,
BID12528,
VIB12408,
DRT12403,
SHB12507,
THC42302,
TPB12548,
BID12603,
TCB12501,
ACB12508,
WCL12103,
NLG12501,
TPB12326,
MBB12412,
MTD12501,
SHB12508,
TLE12101,
LPB12409,
OCB12605,
SMC12102,
VJC12314,
CTG12304,
BID12408,
BID12243,
TPB12530,
TDK12103,
BAB12508,
TCB12612,
BID12406,
TCB12525,
BID12516,
MBB12607,
TPB12515,
IHP12501,
TPB12329,
LPB12303,
VJC12319,
TPB12318,
TCB12513,
VJC12406,
CTG12418,
ACB12412,
DKD12201,
BID12525,
BID12122,
HDB12504,
HDB12403,
OCB12505,
TCB12503,
VHM12410,
GD112101,
TVR32501,
ACB12415,
MBB12609,
KNV12101,
BID12435,
MBB12114,
TPB12317,
BID12308,
VPI12502,
TCB12508,
XMH12501,
BID12504,
TPB12413,
HDB12304,
BID12434,
TCB12607,
NAB12601,
HDR32501,
MBB12342,
OCB12502,
HDL12108,
VHM12606,
CTG12506,
TMI12301,
PD912101,
MBB12346,
TPB12446,
TBB12101,
TSO12603,
MBB12106,
ACB12510,
TPB12533,
TPB12503,
VPB12506,
SUJ12101,
DPQ12202,
OCB12509,
TPB12414,
CII12402,
MKH12301,
ACB12519,
ACB12502,
MSR12302,
SHS12502,
HDB12428,
CTG12339,
ORS12203,
EDI12301,
TCB12506,
BID12212,
HTA12301,
LPB12504,
TCB12507,
SHB12403,
TDK12108,
TPB12516,
MBB12227,
BAB12603,
TPB12336,
CTG12216,
MBB12508,
FCN12501,
MBB12512,
BID12503,
NVL52204,
BAB12505,
TCB12315,
DBG12501,
BID12540,
OCB12524,
MBB12233,
TGI12301,
VPB12509,
BAB12404,
HDB12408,
PDA12601,
EVF12501,
VIB12503,
TPB12520,
HQM12301,
BCM12406,
NAB12503,
MBB12517,
MSG32506,
NTJ12501,
PDA12602,
VIC12511,
VIB12409,
MBS12501,
SHD12403,
TPB12422,
VBA12105,
VPB12503,
TCB12606,
CTG12335,
TPI12101,
MZN12501,
SGX12401,
VHA32109,
BID12430,
BID12601,
SBP12203,
VJC12404,
UNT12101,
OCB12526,
TPB12322,
HBC12101,
ASG12501,
HDQ12301,
TGI12302,
HDB12332,
HDL12103,
SHL12504,
TPB12407,
MBB12410,
LPB12515,
BID12530,
TLE12401,
HDB12503,
ABB12514,
TPQ12205,
WCL12104,
VIF12403,
BID12119,
GSG12203,
TCB12610,
VIB12501,
VHM12602,
MBB12611,
TRE32602,
MBB12239,
TPB12534,
MBB12407,
BID12531,
TDG12401,
MSG32507,
TDE12301,
TPB12406,
KBC12401,
TPB12506,
TQS12201,
NLG12403,
VDS12504,
VAB12402,
BID12364,
CTG12302,
IPA12404,
CTG12106,
HDB12512,
NAB12505,
MBB12104,
MBB12226,
MBB12613,
DPQ12204,
BAF12501,
CPL12302,
MRE32102,
BID12517,
TPB12404,
OCB12520,
ABB12502,
TPB12417,
BID12370,
BID12508,
BCM12504,
NEW12402,
HDC12502,
TPB12546,
TPB12418,
TPB12505,
BID12405,
TVR32502,
TPB12532,
TCX12502,
DNP12401,
BID12550,
BID12532,
H7912102,
DRT12401,
TMI12401,
VJC12331,
VBA12503,
BID12533,
VJC12322,
OCB12510,
TPB12331,
BID12413,
VIB12505,
MSB12412,
SGJ12304,
LVC12601,
DPW12304,
MBB12516,
SHD12404,
TPB12449,
SCR12401,
MBB12103,
SRE12201,
BID12206,
TDR12102,
AHB12301,
MBB12108,
CTG12408,
VPB12517,
OCB12514,
BLA12301,
NPM12308,
VHA32102,
CTG12133,
AVN32501,
VBB12101,
TPB12421,
CTG12109,
OCB12507,
OCB12522,
TCB12515,
HDB12426,
SUH12501,
BCM12102,
CPL12303,
CTG12101,
VHM12409,
HPN12101,
DRT12404,
TCB12514,
HNV32202,
MBB12529,
HDB12604,
TPB12335,
WCL12102,
MBB12234,
TCB12609,
BID12257,
SHS12503,
CMG12501,
TNQ32501,
VNG12401,
KSB12401,
TCB12516,
MRE32106,
HCV12501,
OCB12517,
TPQ12102,
EVF12504,
SGJ12301,
AVN32502,
MRE32103,
TPB12545,
CTG12215,
VHA32107,
BID12417,
MBB12608,
DRT12502,
XTC12101,
HDL12105,
OCB12531,
BID12302,
BID12518,
MSB12509,
VJC12330,
PKA12404,
VIF12402,
CTG12130,
CTG12107,
HDQ12402,
IDT12501,
NWT12501,
IDT12401,
KHG12401,
EIB12403,
KHG12303,
TNQ32506,
BAB12509,
TPB12332,
BID12514,
BID12536,
BID12349,
VHM12407,
HDB12407,
AVN32503,
SGJ12302,
VJC12324,
HTA12402,
MBB12430,
MRE32105,
NBG12103,
VHM12402,
MBB12507,
PKA12403,
NEW12403,
SHB12505,
VBA12103,
TPB12315,
BID12328,
CSP12401,
HCV12504,
OCB12508,
MSB12602,
HDB12502,
ACB12409,
VPB12508,
TPB12521,
VPB12516,
TRM32501,
WTO12110,
BID12539,
VJC12106,
AVN32401,
BID12515,
TSO12602,
OCB12601,
BNT12401,
TPB12504,
NAB12504,
STB12401,
XDD12102,
VIO32502,
VJC12503,
BID12150,
ACB12506,
TCB12604,
VIB12510,
BID12604,
HDB12516,
HDQ12303,
MSG32508,
MBB12510,
TVR32503,
HDL12102,
TPB12327,
CTG12111,
BID12524,
CTG12416,
MBB12236,
NVL42203,
VIB12509,
HDB12506,
AKP42401,
CTG12419,
MSR12303,
CII12403,
VBB12104,
NAB12602,
CTG12334,
TBA12402,
DPQ12207,
BID12329,
DRT12101,
OCB12425,
TNQ32503,
XTC12102,
VJC12323,
VJC12501,
TPB12518,
VT912101,
VPM12401,
HCV12406,
SBT12402,
TMI12302,
TSL12101,
BCM12408,
BID12560,
HDB12331,
VIB12504,
VPI12504,
VAB12301,
MBB12519,
TDK12102,
VBA12101,
CTG12213,
LPB12514,
MSG32504,
MBB12504,
VJC12318,
HCV12507,
VIF12401,
BSI32501,
LPB12509,
SGA12301,
ACB12405,
MBB12347,
OCB12401,
TGI12404,
VCB12601,
PKA12301,
VBB12102,
TPB12411,
OCB12512,
RHG12102,
TPB12537,
HCV12505,
BID12303,
TCB12417,
BAB12502,
BID12509,
BID12412,
BID12545,
THC12401,
VJC12334,
HDB12427,
TPB12502,
HDB12411,
MBB12524,
BID12363,
VBA12127,
DVI12103,
TPB12448,
CTG12404,
BID12376,
IMG12203,
BID12529,
VJV12303,
LPB12408,
VJC12506,
MBB12429,
TPB12513,
TCB12520,
VPB12501,
VHM12503,
STB12403,
VCB12211,
NLG12203,
IDT12402,
HDB12513,
DRT12402,
MBB12303,
LHT12401,
MBB12112,
BID12437,
TPB12447,
TNF32101,
VJC12328,
TAT32501,
BID12547,
TCB12509,
IPA12405,
HDB12431,
HDB12415,
BVC12401,
VIB12508,
BID12527,
VLH12502,
VIO32501,
VCB12101,
BCM12403,
TSO12604,
BID12309,
MBB12601,
TSO12503,
VJC12321,
TNQ32504,
IPD12201,
CTG12413,
HDB12422,
NXH12301,
MBB12521,
VND32501,
MSN12203,
BCM12303,
VHM12604,
TNR32102,
YTW12104,
HDB12511,
HDR12402,
LLP12301,
TCB12502,
MBB12533,
HEB12101,
VPB12514,
ACB12512,
BID12538,
SBP12205,
LTR12101,
BNC12502,
SPJ12102,
VHA32101,
BID12409,
TCB12517,
TNF32104,
VPB12601,
VPB12507,
TCD12202,
OCB12527,
TPB12549,
TPB12547,
ACB12513,
VIO32503,
KHG12502,
MSF12405,
BID12537,
BID12420,
SHB12506,
HDQ12401,
MBB12602,
SSB12219,
LPB12304,
TSO12601,
LHT12404,
ORS12502,
HDB12404,
MBB12116,
HDB12330,
NSB12101,
BNC12303,
BID12372,
TPB12412,
TCB12518,
TDK12101,
VBB12501,
VIF12501,
DPW12303,
HDB12301,
VIB12506,
BID12523,
TPB12424,
MBB12523,
SHL12503,
HDB12223,
CTG12303,
MBB12406,
OCB12530,
VPB12510,
OCB12429,
ABB12508,
MIV12101,
ACB12413,
TCB12511,
THC12501,
BID12563,
SHB12502,
VJC12325,
VIB12410,
ACB12404,
SHB12504,
HTL12501,
DIT22401,
ACB12411,
ABB12513,
MBB12527,
ECF12501,
LPB12512,
BAB12511,
OCB12506,
VBB12502,
NPM12307,
SHS12501,
WTO12103,
VHA32106,
BID12422,
VCB12210,
BHD12401,
LLF12301,
VJC12313,
ACB12507,
BID12125,
BID12502,
VPB12513,
HDB12508,
HDB12421,
CTG12502,
LPB12412,
MBS12601,
NPM12202,
HCV12405,
STB12402,
TPB12450,
NPM12201,
OCB12515,
VJC12335,
HDB12514,
ATL12501,
LPB12513,
TGI12403,
VHM12605,
OCB12501,
OCB12529,
NVT12101,
CTG12212,
VBA12104,
BPS12601,
MBB12109,
VCP12501,
OCB12519,
BID12501,
BID12522,
TPB12519,
PSI12501,
TDK12104,
TCB12519,
TCB12611,
LPB12505,
OCB12525,
UNT12102,
VPI12501,
CTG12401,
BCM12505,
HLL12103,
OCB12604,
VCB12209,
EIB12404,
CTG12224,
MBB12513,
MBB12604,
MBS12404,
MBS12302,
TCB12512,
WCL12101,
CTG12411,
LHT12402,
TNR32104,
BID12237,
BID12414,
MSB12413,
OCB12603,
BID12511,
TCB12504,
PKA12302,
ASS12501,
CTG12338,
KNC12102,
HDB12425,
VJC12505,
BVC12402,
HDE12301,
SLT12301,
GEG12403,
OCB12602,
BID12415,
RES12401,
BAB12410,
VJC12320,
VJC12508,
TPB12313,
VJC12338,
HDB12305,
HCV12502,
BCM12301,
BID12418,
BID12557,
VCB12102,
TPB12539,
VPI12602,
MSF12403,
ACB12407,
TPB12438,
BID12416,
MSG32509,
TMR12301,
ACB12514,
F8812506,
BNC12503,
HAG12601,
SHB12503,
VJV12101,
DAW12201,
LPB12405,
MSF12402,
BNC12302,
LPB12503,
EVF12601,
MBB12427,
MSG32505,
F8812508,
MBB12117,
BID12238,
NAB12603,
TN112401,
MSB12603,
DPQ12201,
TCX12506,
VJC12337,
BCM12502,
ABB12516,
DIG12301,
LPB12601,
BAB12602,
TSO12401,
MBB12515,
VLH12501,
ACB12509,
TPB12416,
OCB12523,
MSB12504,
TCX12504,
MSB12507,
VCB12108,
BAB12504,
SHD12301,
BNC12501,
MBB12518,
TCX12501,
HDB12507,
CTG12129,
TPA12101,
ORS12501,
VHA32103,
VJC12311,
ACB12516,
MBB12348,
MSB12502,
VIB12502,
TRM32502,
TNR32101,
CII12502,
BID12307,
HDB12601,
MSB12501,
TPB12510,
MBB12514,
NAB12306,
SGG12102,
TPB12444,
CTG12417,
MSR12304,
HNV32201,
VJC12407,
CTG12220,
VJC12403,
CRB12501,
MBB12501,
SHB12501,
MSF12404,
VIC12510,
TAU12501,
MBB12505,
SHB12301,
ACB12501,
NPM12303,
PDA12501,
BID12411,
BID12556,
DRT12205,
MBB12115,
BID12368,
BID12436,
ACB12601,
TDR12101,
VHM12401,
TPB12536,
MBB12610,
LOC32601,
MSG32501,
HDB12424,
BID12369,
HDB12432,
BGG12103,
MBB12225,
INF12101,
TLR12302,
CVT12102,
BID12426,
CII12404,
CTG12110,
VDS12602,
BAB12605,
XKS12401,
IPA12501,
NPM12306,
TRE32601,
HDB12224,
TBG12501,
HQB12301,
ACB12518,
BID12541,
NLG12401,
NTJ32502,
MAD12602,
ABB12505,
BCM12503,
VJC12401,
MSG32502,
TMI12304,
HCV12509,
TAU12502,
BID12116,
ACB12406,
SG112401,
TPB12501,
VIB12507,
TNE12201,
TPQ12101,
OCB12503,
VJC12312,
MBB12110,
AQC12301,
VHA32105,
WTO12106,
TNR32105,
HDB12603,
OCB12513,
SGR12501,
PGB12401,
VIC12503,
VKS12101,
TCB12603,
IPA12403,
GSG12501,
SHD12402,
BID12438,
TPB12511,
ABB12517,
ABB12506,
CPL12304,
VHM12408,
VBA12102,
GEG12402,
ACB12322,
HNH12401,
TSO12501,
HCH12402,
TDK12105,
MSN12201,
VCB12401,
VBA12501,
THH12101,
CTG12504,
SBT12401,
ACB12511,
BID12431,
MBB12603,
TCB12523,
ACB12408,
APM12501,
CTG12501,
TPB12514,
TMI12303,
BID12432,
VIC12505,
HDL12101,
TAT32502,
TPB12544,
CTG12223,
PVI42301,
CSP12501,
ORS12304,
TPB12512,
BID12440,
HDB12515,
BID12507,
F8812503,
KRF12301,
HCH12401,
CFG12101,
TPB12440,
APG12501,
BID12425,
ACB12517,
OCB12516,
BID12602,
MBB12531,
TPB12415,
BAB12103,
CTG12403,
TPB12319,
BID12371,
MBB12528,
TPB12526,
BID12131,
BID12526,
BID12427,
BAB12409,
BID12423,
VIC12501,
VDS12503,
