symbol,organ_name
GVT,CTCP Giấy Việt Trì
MGC,CTCP Địa chất mỏ - TKV
GEG,CTCP Điện Gia Lai
SWC,Tổng Công ty cổ phần Đường sông Miền Nam
VID,CTCP Đầu tư Phát triển Thương mại Viễn Đông
SLD,CTCP Địa ốc Sacom
PSL,CTCP Chăn nuôi Phú Sơn
TTZ,CTCP Đầu tư Xây dựng và Công nghệ Tiến Trung
CX8,CTCP Đầu tư và Xây lắp Constrexim Số 8
PNJ,CTCP Vàng bạc Đá quý Phú Nhuận
TMB,CTCP Kinh doanh Than Miền Bắc - Vinacomin
NTH,CTCP Thủy điện Nước Trong
CVT,CTCP CMC
POV,CTCP Xăng dầu Dầu khí Vũng Áng
SDV,CTCP Dịch vụ Sonadezi
SAM,CTCP SAM Holdings
MTH,CTCP Môi trường Đô thị Hà Đông
KHG,CTCP Tập đoàn Khải Hoàn Land
BAX,CTCP Thống Nhất
NWT,CTCP Vận tải Newway
FHN,CTCP Xuất nhập khẩu Lương thực - Thực phẩm Hà Nội
SMT,CTCP Sametel
FIT,CTCP Tập đoàn F.I.T
DBM,CTCP Dược - Vật tư Y Tế Đăk Lăk
NQB,CTCP Cấp nước Quảng Bình
HHS,CTCP Đầu tư Dịch vụ Hoàng Huy
LBM,CTCP Khoáng sản và Vật liệu Xây dựng Lâm Đồng
CNG,CTCP CNG Việt Nam
NBC,CTCP Than Núi Béo - Vinacomin
HAM,CTCP Vật tư Hậu Giang
HMD,CTCP Hóa chất Minh Đức
HTE,CTCP Đầu tư Kinh doanh Điện lực Thành phố Hồ Chí Minh
SC5,CTCP Xây dựng Số 5
S12,CTCP Sông Đà 12
TD6,CTCP Than Đèo Nai - Cọc Sáu - TKV
BIO,CTCP Vắc xin và Sinh phẩm Nha Trang
ATG,CTCP ATG Planet
DAE,CTCP Sách Giáo dục tại Thành phố Đà Nẵng
ELC,CTCP Công Nghệ - Viễn Thông Elcom
SDN,CTCP Sơn Đồng Nai
SFN,CTCP Dệt lưới Sài Gòn
NNT,CTCP Cấp nước Ninh Thuận
SIV,CTCP SIVICO
LSS,CTCP Mía Đường Lam Sơn
PRC,CTCP Logistics Portserco
VRC,CTCP Bất động sản và Đầu tư VRC
FRT,CTCP Bán lẻ Kỹ thuật số FPT
SKH,CTCP Nước giải khát Sanest Khánh Hòa
PMG,CTCP Đầu tư và Sản xuất Petro Miền Trung
SAV,CTCP Hợp tác Kinh tế và Xuất nhập khẩu Savimex
CMT,CTCP Công nghệ Mạng và Truyền thông
TNP,CTCP Cảng Thị Nại
BMV,CTCP Bột mỳ Vinafood 1
AMS,CTCP Cơ khí Xây dựng AMECC
HHP,CTCP HHP Global
BMF,CTCP Vật liệu Xây dựng và Chất đốt Đồng Nai
CDR,CTCP Xây dựng Cao su Đồng Nai
QNS,CTCP Đường Quảng Ngãi
CT3,CTCP Đầu tư và Xây dựng Công trình 3
SDA,CTCP Simco Sông Đà
PET,Tổng Công ty cổ phần Dịch vụ Tổng hợp Dầu khí
TGP,CTCP Trường Phú
ONE,CTCP Công nghệ One
HVN,Tổng Công ty Hàng không Việt Nam - CTCP
SAC,CTCP Xếp dỡ và Dịch vụ Cảng Sài Gòn
TV3,CTCP Tư vấn Xây dựng Điện 3
ITS,CTCP Đầu tư Thương mại và Dịch vụ - Vinacomin
HOT,CTCP Du lịch - Dịch vụ Hội An
AGP,CTCP Dược phẩm Agimexpharm
L14,CTCP Licogi 14
TDP,CTCP Thuận Đức
POB,CTCP Xăng dầu Dầu khí Hưng Yên
QSP,CTCP Tân Cảng Quy Nhơn
VIM,CTCP Khoáng sản Viglacera
PLP,CTCP Sản xuất và Công nghệ Nhựa Pha Lê
FRM,CTCP Lâm Nghiệp Sài Gòn
CMN,CTCP Lương thực Thực phẩm Colusa - Miliket
PEG,Tổng Công ty Thương mại Kỹ thuật và Đầu tư - CTCP
TOP,CTCP Phân phối Top One
EIN,CTCP Đầu tư - Thương mại - Dịch vụ Điện Lực
EME,CTCP Điện cơ
SJE,CTCP Sông Đà 11
BHC,CTCP Bê tông Biên Hòa
HTG,Tổng Công ty cổ phần Dệt may Hòa Thọ
BVN,CTCP Bông Việt Nam
LAW,CTCP Cấp thoát nước Long An
HLT,CTCP Dệt may Hoàng Thị Loan
SBR,CTCP Cao su Sông Bé
CRC,CTCP Create Capital Việt Nam
TDM,CTCP Nước Thủ Dầu Một
DZM,CTCP Cơ điện Dzĩ An
CEO,CTCP Tập đoàn C.E.O
DKG,CTCP Tập đoàn Damik
SCR,CTCP Địa ốc Sài Gòn Thương Tín
HMH,CTCP Hải Minh
PVO,CTCP Dầu nhờn PV Oil
NTP,CTCP Nhựa Thiếu niên Tiền Phong
HHN,CTCP Vận tải và Dịch vụ Hàng hóa Hà Nội
NDT,Tổng Công ty cổ phần Dệt May Nam Định
THN,CTCP Cấp nước Thanh Hóa
SD3,CTCP Sông Đà 3
AGF,CTCP Xuất nhập khẩu Thủy sản An Giang
DHM,CTCP Đầu tư và Thương mại DHM
EVE,CTCP Everpia
STS,CTCP Dịch vụ Vận tải Sài Gòn
HBC,CTCP Tập đoàn Xây dựng Hòa Bình
TLD,CTCP Đầu tư Xây dựng và Phát triển Đô thị Thăng Long
CFM,CTCP Đầu tư CFM
HSM,Tổng Công ty cổ phần Dệt may Hà Nội
VCS,CTCP Vicostone
VTI,CTCP Sản xuất - Xuất nhập khẩu Dệt may
G20,CTCP Đầu tư Dệt may Vĩnh Phúc
LDW,CTCP Cấp thoát nước Lâm Đồng
SPB,CTCP Sợi Phú Bài
NCG,CTCP Tập đoàn Nova Consumer
CDG,CTCP Cầu Đuống
SVD,CTCP Đầu tư & Thương mại Vũ Đăng
HDP,CTCP Dược Hà Tĩnh
BWE,CTCP - Tổng công ty nước - môi trường Bình Dương
PCC,CTCP Tập đoàn Xây lắp 1 - Petrolimex
TRC,CTCP Cao su Tây Ninh
NSH,CTCP Tập Đoàn Nhôm Sông Hồng Shalumi
SDG,CTCP Sadico Cần Thơ
LHC,CTCP Đầu tư và Xây dựng Thủy lợi Lâm Đồng
DP3,CTCP Dược phẩm Trung ương 3
DHN,CTCP Dược phẩm Hà Nội
IJC,CTCP Phát triển Hạ tầng Kỹ thuật
YTC,CTCP Xuất nhập khẩu Y tế Thành phố Hồ Chí Minh
YBM,CTCP YBM
DVW,CTCP Dịch vụ và Xây dựng Cấp nước Đồng Nai
CPH,CTCP Phục vụ Mai táng Hải Phòng
VSM,CTCP Container Miền Trung
DTK,Tổng Công ty Điện lực TKV - CTCP
CET,CTCP HTC Holding
LSG,CTCP Bất động sản Sài Gòn Vina
NSS,CTCP Nông Súc Sản Đồng Nai
HAD,CTCP Bia Hà Nội - Hải Dương
TNT,CTCP Tập đoàn TNT
TAB,CTCP Freco Việt Nam
DBT,CTCP Dược phẩm Bến Tre
UEM,CTCP Cơ điện Uông Bí - Vinacomin
PPC,CTCP Nhiệt điện Phả Lại
MA1,CTCP Thiết bị
VTM,CTCP Vận tải và Đưa đón thợ mỏ - VINACOMIN
DP1,CTCP Dược phẩm Trung ương CPC1
HEV,CTCP Sách Đại học - Dạy nghề
HU6,CTCP Đầu tư Phát triển Nhà và Đô thị HUD6
CGV,CTCP Vinaceglass
SJD,CTCP Thủy điện Cần Đơn
PEQ,CTCP Thiết bị Xăng dầu Petrolimex
ABR,CTCP Đầu tư Nhãn hiệu Việt
SSC,CTCP Giống cây trồng Miền Nam
CLH,CTCP Xi măng La Hiên VVMI
TAR,CTCP Nông nghiệp Công nghệ cao Trung An
CLW,CTCP Cấp nước Chợ Lớn
HES,CTCP Dịch vụ Giải trí Hà Nội
TDG,CTCP Đầu tư TDG Global
VBH,CTCP Điện tử Bình Hòa
PCT,CTCP Vận tải biển Global Pacific
BWS,CTCP Cấp nước Bà Rịa - Vũng Tàu
SII,CTCP Hạ tầng Nước Sài Gòn
HKB,CTCP Nông nghiệp và Thực phẩm Hà Nội - Kinh Bắc
DRG,CTCP Cao su Đắk Lắk
BMG,CTCP May Bình Minh
TMS,CTCP Transimex
LM3,CTCP Lilama 3
VIN,CTCP Giao nhận Kho vận Ngoại Thương Việt Nam
BLT,CTCP Lương thực Bình Định
HPT,CTCP Dịch vụ Công nghệ Tin học HPT
TQW,CTCP Cấp thoát nước Tuyên Quang
ICF,CTCP Đầu tư Thương mại Thủy sản
NDX,CTCP Xây lắp Phát triển Nhà Đà Nẵng
VIW,Tổng Công ty Đầu tư Nước và Môi trường Việt Nam
NDC,CTCP Nam Dược
PIS,Tổng Công ty Pisico Bình Định - CTCP
SPV,CTCP Thủy Đặc sản
M10,Tổng Công ty May 10 - CTCP
KOS,CTCP KOSY
MSH,CTCP May Sông Hồng
CHP,CTCP Thủy điện Miền Trung
SGC,CTCP Xuất nhập khẩu Sa Giang
TDS,CTCP Thép Thủ Đức - VNSTEEL
CAD,CTCP Chế biến và Xuất nhập khẩu Thủy sản Cadovimex
PMS,CTCP Cơ khí Xăng dầu
BPC,CTCP VICEM Bao bì Bỉm Sơn
TVN,Tổng Công ty Thép Việt Nam - CTCP
SHC,CTCP Hàng hải Sài Gòn
HPA,CTCP Phát triển Nông nghiệp Hòa Phát
ADP,CTCP Sơn Á Đông
SDP,CTCP SDP
HSV,CTCP Tập đoàn HSV Việt Nam
CTX,Tổng Công ty cổ phần Đầu tư Xây dựng và Thương mại Việt Nam
TTT,CTCP Du lịch - Thương mại Tây Ninh
DAH,CTCP Tập đoàn Khách sạn Đông Á
AAN,CTCP Lương thực A An
DFF,CTCP Tập đoàn Đua Fat
VHH,CTCP Đầu tư Kinh doanh Nhà Thành Đạt
VMG,CTCP Thương mại và Dịch vụ Dầu khí Vũng Tàu
PTC,CTCP Đầu Tư Icapital
HPD,CTCP Thủy điện ĐăK Đoa
C69,CTCP Xây dựng 1369
HLC,CTCP Than Hà Lầm - Vinacomin
BHH,CTCP Bia Hà Nội - Hưng Yên 89
ACL,CTCP Xuất nhập khẩu Thủy sản Cửu Long An Giang
SDU,CTCP Đầu tư Xây dựng và Phát triển Đô thị Sông Đà
TRA,CTCP Traphaco
D11,CTCP Địa ốc 11
VSA,CTCP Đại lý Hàng hải Việt Nam
LCD,CTCP Lắp máy - Thí nghiệm Cơ điện
TBD,Tổng Công ty Thiết bị Điện Đông Anh - CTCP
PEN,CTCP Xây lắp III Petrolimex
NBT,CTCP Cấp thoát nước Bến Tre
ILA,CTCP ILA
UDL,CTCP Đô thị và Môi trường Đắk Lắk
NUE,CTCP Môi trường Đô thị Nha Trang
VPG,CTCP Đầu tư Thương mại Xuất nhập khẩu Việt Phát
SCL,CTCP Sông Đà Cao Cường
TJC,CTCP Dịch vụ Vận tải và Thương mại
DHB,CTCP Phân đạm và Hóa chất Hà Bắc
BKG,CTCP Đầu tư BKG Việt Nam
NST,CTCP Ngân Sơn
PTE,CTCP Xi măng Phú Thọ
MAS,CTCP Dịch vụ Hàng không Sân bay Đà Nẵng
L43,CTCP Lilama 45.3
CIG,CTCP COMA 18
SPI,CTCP Spiral Galaxy
SBG,CTCP Tập đoàn Cơ khí Công nghệ cao Siba
KST,CTCP KASATI
PTL,CTCP Victory Group
SGP,CTCP Cảng Sài Gòn
TDT,CTCP Đầu tư và Phát triển TDT
DGW,CTCP Thế Giới Số
FT1,CTCP Phụ tùng Máy số 1
CMG,CTCP Tập đoàn Công nghệ CMC
TSC,CTCP Vật tư Kỹ thuật nông nghiệp Cần Thơ
MPC,CTCP Tập đoàn Thủy sản Minh Phú
NHV,CTCP Sức Khỏe Hồi Sinh Việt Nam
TSG,CTCP Thông tin Tín hiệu Đường sắt Sài Gòn
HAF,CTCP Thực phẩm Hà Nội
WSB,CTCP Bia Sài Gòn - Miền Tây
LAI,CTCP Đầu Tư Xây dựng Long An IDICO
CST,CTCP Than Cao Sơn - TKV
CTP,CTCP Tập đoàn CTP Group
MH3,CTCP Khu Công nghiệp Cao su Bình Long
SIP,CTCP Đầu tư Sài Gòn VRG
VC9,CTCP Xây dựng số 9 - VC9
PIC,CTCP Đầu tư Điện lực 3
APF,CTCP Nông sản Thực phẩm Quảng Ngãi
DLT,CTCP Du lịch và Thương mại - Vinacomin
DOP,CTCP Vận tải Xăng dầu Đồng Tháp
FIC,Tổng Công ty Vật liệu Xây dựng số 1 - CTCP
CT6,CTCP Công trình 6
NDW,CTCP Cấp nước Nam Định
HAT,CTCP Thương mại Bia Hà Nội
HUG,Tổng Công ty May Hưng Yên - CTCP
SHA,CTCP Sơn Hà Sài Gòn
PSH,CTCP Thương mại Đầu tư Dầu khí Nam Sông Hậu
PNT,CTCP Kỹ thuật Xây dựng Phú Nhuận
VBG,CTCP Địa chất Việt Bắc - TKV
HPX,CTCP Đầu tư Hải Phát
QTC,CTCP Công trình Giao thông Vận tải Quảng Nam
BLN,CTCP Vận tải và Dịch vụ Liên Ninh
LIG,CTCP Licogi 13
HRC,CTCP Cao su Hòa Bình
NGC,CTCP Chế biến Thủy sản xuất khẩu Ngô Quyền
PFL,CTCP Dầu khí Đông Đô
EID,CTCP Đầu tư và Phát triển Giáo dục Hà Nội
ECI,CTCP Tập Đoàn ECI
LQN,CTCP Licogi Quảng Ngãi
ILS,CTCP Đầu tư Thương mại và Dịch vụ Quốc tế
BQB,CTCP Bia Hà Nội - Quảng Bình
VCM,CTCP BV Life
BSL,CTCP Bia Sài Gòn - Sông Lam
MRF,CTCP Merufa
MGG,Tổng Công ty Đức Giang - CTCP
CAP,CTCP Lâm Nông sản Thực phẩm Yên Bái
IPA,CTCP Tập đoàn Đầu tư I.P.A
MDF,CTCP Gỗ MDF VRG - Quảng Trị
SPM,CTCP SPM
DDN,CTCP Dược và Thiết bị Y tế Đà Nẵng
BGW,CTCP Nước sạch Bắc Giang
MKV,CTCP Dược thú Y Cai Lậy
TMW,CTCP Tổng hợp Gỗ Tân Mai
BMJ,CTCP Khoáng sản Miền Đông AHP
SSN,CTCP Xuất nhập khẩu Thủy sản Sài Gòn
VNC,CTCP Tập đoàn Vinacontrol
PIT,CTCP Xuất nhập khẩu Petrolimex
SMC,CTCP Đầu tư Thương mại SMC
SEB,CTCP Đầu tư và Phát triển Điện Miền Trung
CKG,CTCP Tập đoàn CIC
MHC,CTCP MHC
LCM,CTCP Khai thác và Chế biến khoáng sản Lào Cai
PCE,CTCP Phân bón và Hóa chất Dầu khí Miền Trung
QNU,CTCP Môi trường Đô thị Quảng Nam
BOT,CTCP BOT Cầu Thái Hà
KHX,CTCP Phát hành sách Khánh Hòa
VKC,CTCP VKC Holdings 
VVN,Tổng Công ty cổ phần Xây dựng Công nghiệp Việt Nam
TYA,CTCP Dây và Cáp Điện Taya Việt Nam
DSN,CTCP Công viên nước Đầm Sen
TSJ,CTCP Du lịch Dịch vụ Hà Nội
ICT,CTCP Viễn thông - Tin học Bưu điện
BMC,CTCP Khoáng sản Bình Định
TAL,CTCP Đầu tư Bất động sản Taseco
VIE,CTCP Công nghệ Viễn thông VITECO
HTN,CTCP Hưng Thịnh Incons
HNR,CTCP Rượu và Nước giải khát Hà Nội
PTS,CTCP Vận tải và Dịch vụ Petrolimex Hải Phòng
BWA,CTCP Cấp thoát nước và Xây dựng Bảo Lộc
DDB,CTCP Thương mại và Xây dựng Đông Dương
TVM,CTCP Tư vấn Đầu tư mỏ và Công Nghiệp - Vinacomin
PVS,Tổng Công ty cổ phần Dịch vụ Kỹ thuật Dầu khí Việt Nam
PRO,CTCP Procimex Việt Nam
TS3,CTCP Trường Sơn 532
DID,CTCP DIC - Đồng Tiến
S74,CTCP Sông Đà 7.04
DMC,CTCP Xuất nhập khẩu Y Tế DOMESCO
ACE,CTCP Bê tông Ly tâm An Giang
BNW,CTCP Nước sạch Bắc Ninh
HEJ,Tổng Công ty Tư vấn Xây dựng Thủy lợi Việt Nam - CTCP
CQT,CTCP Xi măng Quán Triều VVMI
CTT,CTCP Chế tạo Máy - Vinacomin
SDC,CTCP Tư vấn Sông Đà
PPH,Tổng Công ty cổ phần Phong Phú
S55,CTCP Sông Đà 505
TMT,CTCP Ô tô TMT
CNN,"CTCP Tư vấn Công nghệ, Thiết bị và Kiểm Định Xây dựng - Coninco"
CAR,CTCP Tập đoàn Giáo dục Trí Việt
KBC,Tổng Công ty Phát triển Đô thị Kinh Bắc - CTCP
PMC,CTCP Dược phẩm Dược liệu Pharmedic
PPP,CTCP Dược phẩm Phong Phú
PDV,CTCP Vận Tải Và Tiếp Vận Phương Đông Việt
CTF,CTCP City Auto
DRH,CTCP DRH Holdings
VCG,Tổng Công ty cổ phần Xuất nhập khẩu và Xây dựng Việt Nam
SZB,CTCP Sonadezi Long Bình
SKN,CTCP Nước giải khát Sanna Khánh Hòa
RCL,CTCP Địa ốc Chợ Lớn
QNP,CTCP Cảng Quy Nhơn
HTI,CTCP Đầu tư Phát triển Hạ tầng IDICO
GH3,CTCP Công trình Giao thông Hà Nội
LIX,CTCP Bột Giặt Lix
DPP,CTCP Dược Đồng Nai
BTW,CTCP Cấp nước Bến Thành
VPW,CTCP Cấp thoát nước Số 1 Vĩnh Phúc
AMV,CTCP Sản xuất Kinh doanh Dược và Trang thiết bị Y tế Việt Mỹ
VLG,CTCP VIMC Logistics
RBC,CTCP Công nghiệp và Xuất nhập khẩu Cao su
SVN,CTCP Tập đoàn Vexilla Việt Nam
ACV,Tổng Công ty Cảng Hàng không Việt Nam - CTCP
TTB,CTCP TTBGroup
SDK,CTCP Cơ khí Luyện kim
TDW,CTCP Cấp nước Thủ Đức
HAV,CTCP Rượu Hapro
DHG,CTCP Dược Hậu Giang
HVT,CTCP Hóa chất Việt Trì
HBD,CTCP Bao Bì PP Bình Dương
MVN,Tổng Công ty Hàng hải Việt Nam - CTCP
PWS,CTCP Cấp thoát nước Phú Yên
ACS,CTCP Xây lắp Thương mại 2
ATA,CTCP Ntaco
BSQ,CTCP Bia Sài Gòn - Quảng Ngãi
SNZ,Tổng Công ty cổ phần Phát triển Khu Công nghiệp
SAL,CTCP Trục vớt Cứu hộ Việt Nam
HFB,CTCP Công trình Cầu phà Thành phố Hồ Chí Minh
GDA,CTCP Tôn Đông Á
AVG,CTCP Phân bón Quốc tế Âu Việt
DCM,CTCP - Tổng công ty Phân bón Dầu khí Cà Mau
VHG,CTCP Đầu tư Phát triển Việt Trung Nam
DRI,CTCP Đầu tư Cao su Đắk Lắk
IDI,CTCP Đầu tư và Phát triển Đa Quốc Gia - IDI
VHC,CTCP Vĩnh Hoàn
CSV,CTCP Hóa chất Cơ bản Miền Nam
EVF,Công ty Tài chính Tổng hợp Cổ phần Điện lực
RAT,CTCP Vận tải và Thương mại Đường sắt
MBG,CTCP Tập đoàn MBG
THS,CTCP Thanh Hoa - Sông Đà
SAB,Tổng Công ty cổ phần Bia - Rượu - Nước giải khát Sài Gòn
BRR,CTCP Cao su Bà Rịa
TH1,CTCP Xuất nhập khẩu Tổng hợp I Việt Nam
TXM,CTCP VICEM Thạch cao Xi măng
TN1,CTCP Rox Key Holdings
TED,Tổng công ty Tư vấn thiết kế Giao thông vận tải - CТСР
CQN,CTCP Cảng Quảng Ninh
MTB,CTCP Môi trường và Công trình Đô thị Thái Bình
ECO,CTCP Nhựa sinh thái Việt Nam
SHE,CTCP Phát triển Năng lượng Sơn Hà
BTP,CTCP Nhiệt điện Bà Rịa
AAT,CTCP Tập Đoàn Tiên Sơn Thanh Hóa 
PBP,CTCP Bao bì Dầu khí Việt Nam
NSL,CTCP Cấp nước Sơn La
CMP,CTCP Cảng Chân Mây
IBD,CTCP In Tổng hợp Bình Dương
KVC,CTCP Sản xuất Xuất nhập khẩu Inox Kim Vĩ
SGT,CTCP Công nghệ Viễn Thông Sài Gòn
VMS,CTCP Phát triển Hàng Hải
SMN,CTCP Sách và Thiết bị Giáo dục Miền Nam
IDP,CTCP Sữa Quốc tế Lof
CHC,CTCP Cẩm Hà
HSA,CTCP Hestia
HNP,CTCP Hanel Xốp nhựa
ICG,CTCP Xây dựng Sông Hồng
FGL,CTCP Cà phê Gia Lai
MCH,CTCP Hàng tiêu dùng Masan
NAC,CTCP Tư vấn Xây dựng Tổng hợp
PMT,CTCP Viễn thông TELVINA Việt Nam
SHN,CTCP Đầu tư Tổng hợp Hà Nội
BCF,CTCP Thực phẩm Bích Chi
TNH,CTCP Tập đoàn Bệnh viện TNH
BCB,CTCP 397
HMR,CTCP Đá Hoàng Mai
BCE,CTCP Xây dựng và Giao thông Bình Dương
CMF,CTCP Thực phẩm Cholimex
MTV,CTCP Dịch vụ Môi trường và Công trình Đô thị Vũng Tàu
VCA,CTCP Thép VICASA 
SSH,CTCP Phát triển Sunshine Homes
ABT,CTCP Xuất nhập khẩu Thủy sản Bến Tre
CTD,CTCP Xây dựng Coteccons
HLY,CTCP Gốm Xây Dựng Yên Hưng
NBP,CTCP Nhiệt điện Ninh Bình
PVV,CTCP Vinaconex 39
MVB,Tổng Công ty Công nghiệp mỏ Việt Bắc TKV - CTCP
PVD,Tổng Công ty cổ phần Khoan và Dịch vụ khoan Dầu khí
ASP,CTCP Tập đoàn Dầu khí An Pha
TW3,CTCP Dược Trung ương 3
QCC,CTCP Đầu tư Xây dựng và Phát triển Hạ tầng Viễn thông
SID,CTCP Đầu tư Phát triển Sài Gòn Co.op
TCH,CTCP Đầu tư Dịch vụ Tài chính Hoàng Huy
X77,CTCP Thành An 77
DHA,CTCP Hóa An
THD,CTCP Thaiholdings
DS3,CTCP DS3
PC1,CTCP Tập Đoàn PC1
AG1,CTCP 28.1
L10,CTCP Lilama 10
HAS,CTCP Hacisco
VTJ,CTCP Thương mại và Đầu tư VI NA TA BA
PTB,CTCP Phú Tài
TT6,CTCP Tập đoàn Tiến Thịnh
SJG,Tổng Công ty Sông Đà - CTCP
AGM,CTCP Xuất Nhập khẩu An Giang
VSG,CTCP Container Phía Nam
VEC,Tổng Công ty cổ phần Điện tử và Tin học Việt Nam
DNE,CTCP Môi trường Đô thị Đà Nẵng
DGT,CTCP Công trình Giao thông Đồng Nai
DVP,CTCP Đầu tư và Phát triển Cảng Đình Vũ
VCP,CTCP Xây Dựng Và Năng Lượng VCP
JVC,CTCP Đầu tư Y tế - Dược phẩm Việt Nam
OCH,CTCP One Capital Hospitality
STP,CTCP Công nghiệp Thương mại Sông Đà
NKG,CTCP Thép Nam Kim
SD8,CTCP Sông Đà 8
VCC,CTCP Vinaconex 25
LBE,CTCP Thương mại và Dịch vụ LVA
NDP,CTCP Dược phẩm 2/9
CIP,CTCP Xây lắp và Sản xuất Công nghiệp
EBS,CTCP Sách Giáo dục tại Thành phố Hà Nội
PVX,Tổng Công ty cổ phần Xây lắp Dầu khí Việt Nam
UMC,CTCP Công trình Đô thị Nam Định
SBH,CTCP Thủy điện Sông Ba Hạ
BVG,CTCP Group Bắc Việt
PHN,CTCP Pin Hà Nội
DNC,CTCP Điện Nước Lắp máy Hải Phòng
PNP,CTCP Tân Cảng - Phú Hữu
HSP,CTCP Sơn Tổng hợp Hà Nội
QTP,CTCP Nhiệt điện Quảng Ninh
SPH,CTCP Xuất nhập khẩu Thủy sản Hà Nội
GSM,CTCP Thủy điện Hương Sơn
HWS,CTCP Cấp nước Huế
NSG,CTCP Nhựa Sài Gòn
AAA,CTCP Nhựa An Phát Xanh
TL4,Tổng Công ty cổ phần Xây dựng Thủy Lợi 4 - CTCP
MCF,CTCP Xây lắp Cơ khí và Lương thực Thực phẩm
KHS,CTCP Kiên Hùng
HAR,CTCP Đầu tư Thương mại Bất động sản An Dương Thảo Điền
PTT,CTCP Vận tải Dầu khí Đông Dương
CCV,CTCP Tư vấn Xây dựng Công nghiệp và Đô thị Việt Nam
TNB,CTCP Thép Nhà Bè - VNSTEEL
PCM,CTCP Vật liệu Xây dựng Bưu điện
LM7,CTCP Lilama 7
DVT,Trung tâm đào tạo nghiệp vụ Giao thông vận tải Bình Định
L40,CTCP Đầu Tư và Xây dựng 40
TNS,CTCP Thép tấm lá Thống Nhất
BMP,CTCP Nhựa Bình Minh
VNP,CTCP Nhựa Việt Nam
TNG,CTCP Đầu tư và Thương mại TNG
FCC,CTCP Liên hợp Thực phẩm
BSR,CTCP - Tổng Công ty Lọc hóa dầu Việt Nam
CLC,CTCP Cát Lợi
VPL,CTCP Vinpearl
HIO,CTCP Helio Energy
TNV,CTCP Thống Nhất Hà Nội
PXS,CTCP Kết cấu Kim loại và Lắp máy Dầu khí
PVT,Tổng Công ty cổ phần Vận tải Dầu khí
ASG,CTCP Tập đoàn ASG
MCG,CTCP Năng lượng và Bất động sản MCG
MEC,CTCP Cơ khí - Lắp máy Sông Đà
CLM,CTCP Xuất nhập khẩu Than - Vinacomin
TCK,Tổng Công ty Cơ khí Xây dựng - CTCP
CHS,CTCP Chiếu sáng Công cộng Thành phố Hồ Chí Minh
KHP,CTCP Điện lực Khánh Hòa
HDW,CTCP Kinh doanh Nước sạch Hải Dương
BTU,CTCP Công trình Đô thị Bến Tre
DIG,Tổng Công ty cổ phần Đầu tư Phát triển Xây dựng
TBC,CTCP Thủy điện Thác Bà
C22,CTCP 22
DPC,CTCP Nhựa Đà Nẵng
HPW,CTCP Cấp nước Hải Phòng
VCE,CTCP Xây lắp Môi trường
VE1,CTCP Xây dựng Điện VNECO 1
HD8,CTCP Đầu tư Phát triển Nhà và Đô thị HUD8
BBM,CTCP Bia Hà Nội - Nam Định
VFC,CTCP Vinafco
DXL,CTCP Du Lịch và Xuất nhập khẩu Lạng Sơn
SGR,CTCP Tổng CTCP Địa ốc Sài Gòn
BSG,CTCP Xe khách Sài Gòn
DC1,CTCP Đầu tư Phát triển Xây dựng Số 1
MPT,CTCP Tập đoàn MPT
VTZ,CTCP Sản xuất và Thương mại Nhựa Việt Thành
CI5,CTCP Đầu Tư Xây dựng Số 5
PPS,CTCP Dịch vụ Kỹ thuật Điện lực Dầu khí Việt Nam
VTH,CTCP Dây cáp Điện Việt Thái
FID,CTCP Đầu tư và Phát triển Doanh nghiệp Việt Nam
DRC,CTCP Cao su Đà Nẵng
PMW,CTCP Cấp nước Phú Mỹ
GDW,CTCP Cấp nước Gia Định
PVY,CTCP Chế tạo Giàn khoan Dầu khí
MEF,CTCP MEINFA
SJS,CTCP SJ Group
VCR,CTCP Đầu tư và Phát triển Du lịch ITC
MIC,CTCP Kỹ nghệ Khoáng sản Quảng Nam
VCF,CTCP Vinacafé Biên Hòa
NHD,CTCP Dược phẩm Nam Hà
TST,CTCP Dịch vụ Kỹ Thuật Viễn thông
AGX,CTCP Thực phẩm Nông Sản xuất khẩu Sài Gòn
TID,CTCP Tổng Công ty Tín Nghĩa
DTP,CTCP Dược phẩm CPC1 Hà Nội
ASM,CTCP Tập đoàn Sao Mai
VTD,CTCP Vietourist Holdings
VIC,Tập đoàn VINGROUP - CTCP
SBV,CTCP Siam Brothers Việt Nam
VES,CTCP Tập đoàn VinaLiving
HUB,CTCP Xây lắp Thừa Thiên Huế
FRC,CTCP Lâm đặc sản Xuất khẩu Quảng Nam
MTA,Tổng Công ty Khoáng sản và Thương mại Hà Tĩnh - CTCP
SRA,CTCP Sara Việt Nam
OGC,CTCP Tập đoàn Đại Dương
DNN,CTCP Cấp nước Đà Nẵng
C47,CTCP Xây dựng 47
DVC,CTCP Thương mại Dịch vụ Tổng hợp Cảng Hải Phòng
FBC,CTCP Cơ khí Phổ Yên
SSM,CTCP Chế tạo kết cấu Thép Vneco.SSM
NTC,CTCP Khu Công nghiệp Nam Tân Uyên
SB1,CTCP Bia Sài Gòn - Nghệ Tĩnh
DWC,CTCP Cấp nước Đắk Lắk
AME,CTCP Alphanam E&C
CCP,CTCP Cảng Cửa Cấm Hải Phòng
KSB,CTCP Khoáng sản và Xây dựng Bình Dương
GDH,CTCP Tập đoàn GDC
VSI,CTCP Đầu tư và Xây dựng Cấp thoát nước
BHG,CTCP Chè Biển Hồ
TKU,CTCP Công nghiệp Tung Kuang
PTD,CTCP Thiết kế Xây dựng Thương mại Phúc Thịnh
DTH,CTCP Dược - Vật tư Y Tế Thanh Hóa
DAD,CTCP Đầu tư và Phát triển Giáo dục Đà Nẵng
XHC,CTCP Xuân Hòa Việt Nam
VE2,CTCP Xây dựng Điện VNECO 2
VJC,CTCP Hàng không Vietjet
VPI,CTCP Phát triển Bất động sản Văn Phú
FOX,CTCP Viễn thông FPT
LGC,CTCP Đầu tư Cầu đường CII
NAG,CTCP Tập đoàn Nagakawa
SGH,CTCP Khách sạn Sài Gòn
HT1,CTCP Xi Măng Vicem Hà Tiên
HCI,CTCP Đầu tư Xây dựng Hà Nội 
TLP,Tổng Công ty Thương mại Xuất nhập khẩu Thanh Lễ - CTCP
C32,CTCP Đầu tư và Xây dựng 3-2
TRV,CTCP Vận tải Đường sắt
CDO,CTCP Tư vấn Thiết kế và Phát triển Đô thị
CKV,CTCP COKYVINA
NTW,CTCP Cấp nước Nhơn Trạch
VDP,CTCP Dược phẩm Trung ương VIDIPHA
PBT,CTCP Bao bì và Thương mại dầu khí Bình Sơn
VSN,CTCP Việt Nam Kỹ nghệ Súc sản
TLG,CTCP Tập đoàn Thiên Long
CTW,CTCP Cấp thoát nước Cần Thơ
SGS,CTCP Vận tải biển Sài Gòn
IDJ,CTCP Đầu tư IDJ Việt Nam
VHF,CTCP Xây dựng và Chế biến Lương thực Vĩnh Hà
G36,Tổng Công ty 36 - CTCP
HRB,CTCP Harec Đầu tư và Thương mại
TEG,CTCP Trường Thành Energy Group
DXV,CTCP VICEM Vật liệu Xây dựng Đà Nẵng
VNA,CTCP Vận tải Biển Vinaship
HUT,CTCP Tasco
ALT,CTCP Văn hóa Tân Bình
KCB,CTCP Khoáng sản và Luyện kim Cao Bằng - Vimico
TCM,CTCP Dệt may - Đầu tư - Thương mại Thành Công
DDG,CTCP Đầu tư Công nghiệp Xuất nhập khẩu Đông Dương
DNM,Tổng Công ty cổ phần Y tế DANAMECO
SD4,CTCP Sông Đà 4
CNC,CTCP Công nghệ Cao Traphaco
PGC,Tổng Công ty Gas Petrolimex - CTCP
NAS,CTCP Dịch vụ Hàng không Sân bay Việt Nam
V21,CTCP Vinaconex 21
CH5,CTCP Xây dựng Số 5 Hà Nội
PND,CTCP Xăng dầu Dầu khí Nam Định
MAC,CTCP Tập đoàn Macstar
HJC,CTCP Hòa Việt
TCJ,CTCP Tô Châu
PVG,CTCP Kinh doanh LPG Việt Nam
TA6,CTCP Đầu tư và Xây lắp Thành An 665
THP,CTCP Thủy sản và Thương mại Thuận Phước
HPM,CTCP Xây dựng Thương mại và Khoáng Sản Hoàng Phúc
ITC,CTCP Đầu tư và Kinh doanh Nhà
ICC,CTCP Xây dựng Công nghiệp (ICC)
BTV,CTCP Dịch vụ Du lịch Bến Thành
LUT,CTCP Đầu tư Xây dựng Lương Tài
BTS,CTCP Xi măng VICEM Bút Sơn
DND,CTCP Đầu tư Xây dựng và Vật liệu Đồng Nai
ABC,CTCP Truyền thông VMG
VTG,CTCP Du lịch Tỉnh Bà Rịa - Vũng Tàu
VEF,CTCP Trung tâm Hội chợ Triển lãm Việt Nam
SJM,CTCP Sunspace Holdings
HFX,CTCP Sản xuất - Xuất nhập khẩu Thanh Hà
DDM,CTCP Hàng Hải Đông Đô
STC,CTCP Sách và Thiết bị Trường học Thành phố Hồ Chí Minh
BQP,CTCP Nhựa Chất lượng cao Bình Thuận
D2D,CTCP Phát triển Đô thị Công nghiệp số 2
AAM,CTCP Thủy sản MeKong
VXP,CTCP Thuốc Thú y Trung ương VETVACO
HU4,CTCP Đầu tư và Xây dựng HUD4
PTH,CTCP Vận tải và Dịch vụ Petrolimex Hà Tây
DC2,CTCP Đầu tư Phát triển - Xây dựng (DIC) số 2
IDV,CTCP Phát triển Hạ tầng Vĩnh Phúc
VFR,CTCP Vận tải và Thuê tàu
VC7,CTCP Tập đoàn BGI
DVG,CTCP Đại Việt Group DVG
S99,CTCP SCI
APP,CTCP Phát triển Phụ gia và Sản phẩm Dầu Mỏ
NAP,CTCP Cảng Nghệ Tĩnh
HNF,CTCP Thực phẩm Hữu Nghị
ITD,CTCP Công nghệ ITD
PMJ,CTCP Vật tư Bưu Điện
MED,CTCP Dược Trung ương Mediplantex
INC,CTCP Tư vấn Đầu tư IDICO
CTI,CTCP Đầu tư Phát triển Cường Thuận IDICO
NHT,CTCP Sản xuất và Thương mại Nam Hoa
MES,CTCP Cơ điện Công trình
VWS,CTCP Nước và Môi Trường Việt Nam
VGR,CTCP Cảng Xanh Vip
BIG,CTCP Tập đoàn Đầu tư Big
PIA,CTCP Tin học Viễn thông Petrolimex
PDC,CTCP Du lịch Dầu khí Phương Đông
TCD,CTCP Tập đoàn Xây dựng TRACODI
POT,CTCP Thiết bị Bưu điện
THT,CTCP Than Hà Tu - Vinacomin
SCD,CTCP Nước giải khát Chương Dương
VTE,CTCP VINACAP Kim Long
SKV,CTCP Nước giải khát Yến sào Khánh Hòa
SHI,CTCP Quốc tế Sơn Hà
ODE,CTCP Tập đoàn Truyền thông và Giải trí ODE
MTL,CTCP Dịch vụ Môi trường Đô thị Từ Liêm
PJT,CTCP Vận tải Xăng dầu Đường Thủy Petrolimex
VFG,CTCP Khử trùng Việt Nam
VGG,Tổng Công ty cổ phần May Việt Tiến
TCW,CTCP Kho Vận Tân Cảng
OIL,Tổng Công ty Dầu Việt Nam - CTCP
PXL,CTCP Đầu tư Khu Công nghiệp Dầu khí Long Sơn
PDB,CTCP Tập đoàn Đầu tư Din Capital
DLD,CTCP Du lịch Đắk Lắk
F88,CTCP Đầu tư F88
DAN,CTCP Dược Danapha
BTH,CTCP Chế tạo Biến thế và Vật liệu Điện Hà Nội
VRE,CTCP Vincom Retail
TNA,CTCP Thương mại Xuất nhập khẩu Thiên Nam
BCA,CTCP B.C.H
HFC,CTCP Xăng dầu HFC
PAS,CTCP Quốc tế Phương Anh
VNG,CTCP Du lịch Thành Thành Công
AVC,CTCP Thủy điện A Vương
DCF,CTCP Xây dựng và Thiết kế Số 1
TV2,CTCP Tư vấn Xây dựng Điện 2
MNB,Tổng Công ty May Nhà Bè - CTCP
VPS,CTCP Thuốc sát trùng Việt Nam 
TMC,CTCP Thương mại Xuất nhập khẩu Thủ Đức
SDT,CTCP Sông Đà 10
SRB,CTCP Tập đoàn Sara
NFC,CTCP Phân lân Ninh Bình
VLA,CTCP Đầu tư và Phát triển Công nghệ Văn Lang
MWG,CTCP Đầu tư Thế giới Di động
BCP,CTCP Dược ENLIE
KSV,Tổng Công ty Khoáng sản TKV - CTCP
PCF,CTCP Cà phê PETEC
PIV,CTCP PIV
INN,CTCP Bao bì và In Nông nghiệp
NNC,CTCP Đá Núi Nhỏ
NHH,CTCP Nhựa Hà Nội
GGG,CTCP Ô tô Giải Phóng
TMP,CTCP Thủy điện Thác Mơ
CSM,CTCP Công nghiệp Cao su Miền Nam
DAT,CTCP Đầu tư du lịch và Phát triển Thủy sản
GPC,CTCP Tập đoàn Green+
TIX,CTCP Sản xuất Kinh doanh Xuất nhập khẩu Dịch vụ và Đầu tư Tân Bình
STG,CTCP Kho vận Miền Nam
L35,CTCP Cơ khí Lắp máy Lilama
DNT,CTCP Du lịch Đồng Nai
MLC,CTCP Môi trường Đô thị Tỉnh Lào Cai
SBA,CTCP Sông Ba
LAS,CTCP Supe Phốt phát và Hóa chất Lâm Thao
ANV,CTCP Nam Việt
PMB,CTCP Phân bón và Hóa chất Dầu khí Miền Bắc
ADG,CTCP Clever Group
MTG,CTCP MT Gas
EGL,CTCP Môi trường Đô thị Gia Lâm
VSH,CTCP Thủy điện Vĩnh Sơn - Sông Hinh
BMD,CTCP Môi trường và Dịch vụ Đô thị Bình Thuận
NAF,CTCP Nafoods Group
SMA,CTCP Thiết bị Phụ tùng Sài Gòn
FDC,CTCP Ngoại thương và Phát triển Đầu tư Thành phố Hồ Chí Minh
TRS,CTCP Vận tải và Dịch vụ Hàng hải
TSA,CTCP Đầu tư và Xây lắp Trường Sơn
VNZ,CTCP Tập đoàn VNG 
ADS,CTCP Damsan
PAP,CTCP Dầu khí Đầu tư Khai thác Cảng Phước An
AIG,CTCP Nguyên liệu Á Châu AIG
SCS,CTCP Dịch vụ Hàng hóa Sài Gòn
BBH,CTCP Bao bì Hoàng Thạch
CC1,Tổng Công ty Xây dựng Số 1 - CTCP
S4A,CTCP Thủy điện Sê San 4A
HC1,CTCP Xây dựng Số 1 Hà Nội
SIG,CTCP Đầu tư và Thương mại Sông Đà
DHD,CTCP Dược Vật tư Y tế Hải Dương
QCG,CTCP Quốc Cường Gia Lai
VEA,Tổng Công ty Máy động lực và Máy nông nghiệp Việt Nam – CTCP
SDD,CTCP Đầu tư và Xây lắp Sông Đà
XDH,CTCP Đầu tư Xây dựng Dân dụng Hà Nội
IRC,CTCP Cao su Công nghiệp
RCC,CTCP Tổng Công ty Công trình Đường sắt Việt Nam
ACM,CTCP Tập đoàn Khoáng sản Á Cường
VTV,CTCP Năng lượng và Môi trường VICEM
PGS,CTCP Kinh doanh Khí Miền Nam
ICN,CTCP Đầu tư Xây dựng Dầu khí IDICO
PLO,CTCP Kho Vận Petec
VHM,CTCP Vinhomes
CTR,Tổng Công ty cổ phần Công trình Viettel
VCX,CTCP Xi măng Yên Bình
TDC,CTCP Kinh doanh và Phát triển Bình Dương
TBW,CTCP Nước sạch Thái Bình
FCS,CTCP Lương thực Thành phố Hồ Chí Minh
SBB,CTCP Tập đoàn Bia Sài Gòn - Bình Tây
HCD,CTCP Đầu tư Sản xuất và Thương mại HCD
KMR,CTCP Mirae
VAV,CTCP VIWACO
TUG,CTCP Lai Dắt và Vận tải Cảng Hải Phòng
DXS,CTCP Dịch vụ Bất động sản Đất Xanh
TTD,CTCP Bệnh viện tim Tâm Đức
AST,CTCP Dịch vụ Hàng không Taseco
HU1,CTCP Đầu tư và Xây dựng HUD1
KIP,CTCP K.I.P Việt Nam
ACC,CTCP Đầu tư và Xây dựng Bình Dương ACC
UTT,CTCP Môi trường Nam Thành
HVH,CTCP Đầu tư và Công nghệ HVC
NVP,CTCP Nước sạch Vĩnh Phúc
PVH,CTCP Xây lắp Dầu khí Thanh Hóa
HCT,CTCP Thương mại Dịch vụ Vận tải Xi măng Hải Phòng
HHC,CTCP Bánh kẹo Hải Hà 
GEE,CTCP Điện lực Gelex
EMG,CTCP Thiết bị Phụ Tùng Cơ Điện
APL,CTCP Cơ khí và Thiết bị áp lực - VVMI
CRE,CTCP Bất động sản Thế Kỷ
BSD,"CTCP Bia, Rượu Sài Gòn - Đồng Xuân"
HNA,CTCP Thủy điện Hủa Na
XLV,CTCP Xây Lắp và Dịch vụ Sông Đà
V12,CTCP Xây dựng Số 12
DWS,CTCP Cấp nước và Môi trường đô thị Đồng Tháp
KPF,CTCP Đầu tư tài sản Koji
CKD,CTCP Cơ khí Đông Anh LICOGI
MZG,CTCP Miza
SHP,CTCP Thủy điện Miền Nam
SZG,CTCP Sonadezi Giang Điền
EMS,Tổng Công ty Chuyển phát nhanh Bưu Điện - CTCP
VST,CTCP Vận tải và Thuê tàu biển Việt Nam
VNM,CTCP Sữa Việt Nam
DHT,CTCP Dược phẩm Hà Tây
LMI,CTCP Đầu tư Xây dựng Lắp máy IDICO
SBT,CTCP Thành Thành Công - Biên Hòa
AAV,CTCP AAV Group
ILC,CTCP Hợp tác Lao động với nước ngoài
HLD,CTCP Đầu tư và Phát triển Bất động sản Hudland
HTM,Tổng Công ty Thương mại Hà Nội - CTCP
HTV,CTCP Logistics Vicem
C4G,CTCP Tập đoàn CIENCO4
AMP,CTCP Armephaco
SJ1,CTCP Nông nghiệp Hùng Hậu
HMC,CTCP Kim khí Thành phố Hồ Chí Minh - VNSTEEL
BXH,CTCP VICEM Bao bì Hải Phòng
RTB,CTCP Cao su Tân Biên
SZL,CTCP Sonadezi Long Thành
GAS,Tổng Công ty Khí Việt Nam - CTCP
SRF,CTCP SEAREFICO
NCS,CTCP Suất ăn Hàng không Nội Bài
PXI,CTCP Xây dựng Công nghiệp và Dân dụng Dầu khí
RGG,CTCP Regal Group
NBE,CTCP Sách và Thiết bị Giáo dục Miền Bắc
UPH,CTCP Dược phẩm TW 25
HTT,CTCP Thương mại Hà Tây
HEP,CTCP Môi trường và Công trình Đô thị Huế
TCR,CTCP Công nghiệp Gốm sứ Taicera
RCD,CTCP Xây dựng - Địa ốc Cao su
BHP,CTCP Bia Hà Nội - Hải Phòng
THU,CTCP Môi trường và Công trình Đô thị Thanh Hóa
KTS,CTCP Đường Kon Tum
VET,CTCP Thuốc thú y Trung ương Navetco
DVN,Tổng Công ty Dược Việt Nam - CTCP
WCS,CTCP Bến xe Miền Tây
BTT,CTCP Thương mại Dịch vụ Bến Thành
CPC,CTCP Thuốc sát trùng Cần Thơ
HCC,CTCP Bê tông Hòa Cầm - Intimex
YEG,CTCP Tập đoàn Yeah1
VMK,CTCP Vimarko
SBM,CTCP Đầu tư Phát triển Bắc Minh
VHD,CTCP Đầu tư Phát triển Nhà và Đô Thị VINAHUD
HKT,CTCP QP Holdings
MFS,CTCP Dịch vụ Kỹ thuật Mobifone
CMI,CTCP CMISTONE Việt Nam
TOS,CTCP Dịch vụ biển Tân Cảng
VTP,Tổng Công ty cổ phần Bưu chính Viettel
IN4,CTCP In Số 4
DSD,CTCP DHC Suối Đôi
VTX,CTCP Vận tải Đa Phương Thức Vietranstimex
VDL,CTCP Thực phẩm Lâm Đồng
HBH,CTCP Habeco - Hải Phòng
CK8,CTCP Cơ khí 120
SVG,CTCP Hơi Kỹ nghệ Que hàn
BBS,CTCP VICEM Bao bì Bút Sơn
SZC,CTCP Sonadezi Châu Đức
VTB,CTCP Viettronics Tân Bình
SLS,CTCP Mía Đường Sơn La
HHV,CTCP Đầu tư Hạ tầng Giao thông Đèo Cả
LNC,CTCP Lệ Ninh
NHA,Tổng Công ty Đầu tư Phát triển Nhà và Đô thị Nam Hà Nội
CMM,CTCP Camimex
TNI,CTCP Tập đoàn Thành Nam
DL1,CTCP Tập đoàn Alpha Seven
DPR,CTCP Cao su Đồng Phú
GCF,CTCP Thực phẩm G.C
GTD,CTCP Giầy Thượng Đình
GVR,Tập đoàn Công nghiệp Cao su Việt Nam - CTCP
KDM,CTCP Tập Đoàn GCL
TVC,CTCP Tập đoàn Quản lý tài sản T-Corp
VTS,CTCP Gạch ngói Từ Sơn
DCG,CTCP Tổng Công ty May Đáp Cầu
BTD,CTCP Bê tông Ly tâm Thủ Đức
HD2,CTCP Đầu tư Phát triển Nhà HUD2
TDB,CTCP Thủy điện Định Bình
HDA,CTCP Hãng sơn Đông Á
VGI,Tổng Công ty cổ phần Đầu tư Quốc tế Viettel
YBC,CTCP Xi măng và Khoáng sản Yên Bái
HTC,CTCP Thương mại Hóc Môn
UPC,CTCP Phát triển Công viên Cây xanh và Đô thị Vũng Tàu
DAG,CTCP Tập đoàn Nhựa Đông Á
L18,CTCP Đầu tư và Xây dựng Số 18
APH,CTCP Tập đoàn An Phát Holdings
PJC,CTCP Thương mại và Vận tải Petrolimex Hà Nội
SEA,Tổng Công ty Thủy sản Việt Nam - CTCP
TCO,CTCP Janus Group
VNX,CTCP Quảng cáo và Hội chợ Thương mại
PPT,CTCP Petro Times
DSH,CTCP Đông Sơn Holding
DP2,CTCP Dược phẩm Trung ương 2
HAH,CTCP Vận tải và Xếp dỡ Hải An
LCG,CTCP Lizen
PBC,CTCP Dược phẩm Trung ương I - Pharbaco
LIC,Tổng Công ty LICOGI - CTCP
HHG,CTCP Hoàng Hà
PGT,CTCP PGT Holdings
PRT,Tổng Công ty Sản xuất - Xuất nhập khẩu Bình Dương - CTCP
CTB,CTCP Chế tạo Bơm Hải Dương
SCG,CTCP Tập đoàn Xây dựng SCG
C21,CTCP Thế Kỷ 21 
KTC,CTCP Thương mại Kiên Giang
PSW,CTCP Phân bón và Hóa chất Dầu khí Tây Nam Bộ
VPH,CTCP Vạn Phát Hưng
NVT,CTCP Bất động sản Du lịch Ninh Vân Bay
VTO,CTCP Vận tải Xăng dầu Vitaco
CMV,CTCP Thương nghiệp Cà Mau
VC1,CTCP Xây dựng Số 1
AAH,CTCP Hợp Nhất
BNA,CTCP Tập đoàn Đầu tư Bảo Ngọc
KHW,CTCP Cấp thoát nước Khánh Hòa
PVP,CTCP Vận tải Dầu khí Thái Bình Dương
VPA,CTCP Vận tải Hoá Dầu VP
VNT,CTCP Giao nhận Vận tải Ngoại thương
TDF,CTCP Trung Đô
CDN,CTCP Cảng Đà Nẵng
UCT,CTCP Đô thị Cần Thơ
VLB,CTCP Xây dựng và Sản xuất Vật liệu xây dựng Biên Hòa
HQC,CTCP Tư vấn Thương mại Dịch vụ Địa Ốc Hoàng Quân
VNY,CTCP Thuốc thú y Trung ương I
BCM,Tập đoàn Đầu tư và Phát triển Công nghiệp Becamex - CTCP
VAF,CTCP Phân lân Nung chảy Văn Điển
THB,CTCP Bia Hà Nội - Thanh Hóa
NSC,CTCP Tập đoàn Giống cây trồng Việt Nam
TTL,Tổng Công ty Thăng Long - CTCP
DXG,CTCP Bluemarq Group
VTR,CTCP Du lịch Vietravel
REE,CTCP Cơ Điện Lạnh
VIF,Tổng Công ty Lâm nghiệp Việt Nam - CTCP
SCC,CTCP Thương mại Đầu tư SHB
DBC,CTCP Tập đoàn Dabaco Việt Nam
CMS,CTCP Tập Đoàn CMH Việt Nam
CMW,CTCP Cấp nước Cà Mau
NXT,CTCP Sản xuất và Cung ứng Vật liệu Xây dựng Kon Tum
HVX,CTCP Xi măng VICEM Hải Vân
DTL,CTCP Đại Thiên Lộc
IME,CTCP Cơ khí và Xây lắp Công nghiệp
DCT,CTCP Tấm lợp Vật liệu Xây dựng Đồng Nai
DLG,CTCP Tập đoàn Đức Long Gia Lai
DTC,CTCP Viglacera Đông Triều
ONW,CTCP Tập đoàn ONW
SKG,CTCP Tàu cao tốc Superdong - Kiên Giang
PSB,CTCP Đầu tư Dầu khí Sao Mai - Bến Đình
CVN,CTCP Vinam
TVH,CTCP Tư vấn Xây dựng công trình Hàng hải
VC6,CTCP Xây dựng và Đầu tư Visicons
NDN,CTCP Đầu tư Phát triển Nhà Đà Nẵng
PPY,CTCP Xăng dầu Dầu khí Phú Yên
VDT,CTCP Lưới thép Bình Tây
SD5,CTCP Sông Đà 5
TCT,CTCP Cáp treo Núi Bà Tây Ninh
PVC,Tổng Công ty Hóa chất và Dịch vụ Dầu khí - CTCP
SVT,CTCP Công nghệ Sài Gòn Viễn Đông
STH,CTCP STH Holdings
GHC,CTCP Thủy điện Gia Lai
HAN,Tổng Công ty Xây dựng Hà Nội - CTCP
VIT,CTCP Viglacera Tiên Sơn
NCT,CTCP Dịch vụ Hàng hóa Nội Bài
SDY,CTCP Xi măng Sông Đà Yaly
L63,CTCP Lilama 69-3
TOW,CTCP Cấp nước Trà Nóc - Ô Môn
SD7,CTCP Sông Đà 7
MTS,CTCP Vật tư - TKV
CMC,CTCP Đầu tư CMC
FIR,CTCP Địa ốc First Real
VQC,CTCP Giám định - Vinacomin
BMK,CTCP Kỹ thuật nhiệt Mèo Đen
GIC,CTCP VSC Green Logistics
PSE,CTCP Phân Bón và Hóa Chất Dầu khí Đông Nam Bộ
LTC,CTCP Điện nhẹ Viễn Thông
PTG,CTCP May Xuất khẩu Phan Thiết
NLG,CTCP Đầu tư Nam Long
KKC,CTCP Tập Đoàn Thành Thái
ATS,CTCP Tập đoàn Đầu tư ATS
VLC,Tổng Công ty Chăn Nuôi Việt Nam - CTCP
VE4,CTCP Xây dựng Điện VNECO4
GTT,CTCP Thuận Thảo
TAN,CTCP Cà phê Thuận An
SEP,CTCP Tổng Công ty Thương mại Quảng Trị
CAT,CTCP Thủy sản Cà Mau
SCO,CTCP Công nghiệp Thủy sản
FTM,CTCP Đầu tư và Phát triển Đức Quân
BEL,CTCP Điện tử Biên Hòa
HPP,CTCP Sơn Hải Phòng
CBS,CTCP Mía Đường Cao Bằng
VE9,CTCP Đầu tư và Xây dựng VNECO 9
NTT,CTCP Dệt - May Nha Trang
CMX,CTCP Camimex Group
RAL,CTCP Bóng đèn Phích nước Rạng Đông
SFG,CTCP Phân Bón Miền Nam
ISG,CTCP Vận tải biển và Hợp tác Lao động Quốc tế
VGV,Tổng Công ty Tư vấn Xây dựng Việt Nam - CTCP
CEN,CTCP CENCON Việt Nam
TTN,CTCP Công nghệ và Truyền thông Việt Nam
TVT,Tổng Công ty Việt Thắng - CTCP
CDC,CTCP Chương Dương
HPH,CTCP Hóa Chất Hưng Phát Hà Bắc
TMG,CTCP Kim loại màu Thái Nguyên - Vimico
LMH,CTCP Quốc Tế Holding
TSB,CTCP Ắc quy Tia Sáng
SFC,CTCP Nhiên liệu Sài Gòn
NET,CTCP Bột giặt NET
DDV,CTCP DAP - VINACHEM
HOM,CTCP Xi măng VICEM Hoàng Mai
ND2,CTCP Đầu tư và Phát triển Điện Miền Bắc 2
TOT,CTCP Transimex Logistics
MST,CTCP Đầu tư MST
PCG,CTCP Đầu tư Phát triển Gas Đô thị
BTB,CTCP Bia Hà Nội - Thái Bình
LG9,CTCP Cơ giới và Xây lắp Số 9
BSH,CTCP Bia Sài Gòn - Hà Nội
CLI,CTCP Tập đoàn CNCTech
CCA,CTCP Xuất nhập khẩu Thuỷ sản Cần Thơ
PQN,CTCP Dịch vụ Dầu khí Quảng Ngãi PTSC
QNW,CTCP Cấp thoát nước và Xây dựng Quảng Ngãi
DBD,CTCP Dược - Trang thiết bị Y tế Bình Định (Bidiphar)
DOC,CTCP Vật tư Nông Nghiệp Đồng Nai
TVD,CTCP Than Vàng Danh - Vinacomin
QNT,CTCP Tư vấn Phát triển Quảng Nam
CCS,CTCP Chíp Sáng
APC,CTCP Chiếu xạ An Phú
ADC,CTCP Mỹ thuật và Truyền thông
VGC,Tổng Công ty Viglacera - CTCP
RYG,CTCP Sản xuất và Đầu tư Hoàng Gia
PVL,CTCP Địa ốc Dầu khí
CBI,CTCP Gang thép Cao Bằng
DC4,CTCP DICERA Holdings
COM,CTCP Vật tư - Xăng Dầu
CCL,CTCP Đầu tư và Phát triển Đô thị Dầu khí Cửu Long
STW,CTCP Cấp nước Sóc Trăng
ALC,CTCP Âu Lạc
BTG,CTCP Bao bì Tiền Giang
L12,CTCP Licogi 12
VC3,CTCP Tập đoàn Nam Mê Kông
GTS,CTCP Công trình Giao thông Sài Gòn
FCN,CTCP FECON
KHD,CTCP Khai thác Chế biến Khoáng sản Hải Dương
HTL,CTCP Kỹ thuật và Ô tô Trường Long
GDT,CTCP Chế biến Gỗ Đức Thành
THM,CTCP Tứ Hải Hà Nam
TVG,CTCP Tư vấn Đầu tư và Xây dựng Giao thông Vận tải
SJF,CTCP Đầu tư Sao Thái Dương
TGG,CTCP The Golden Group
IMP,CTCP Dược phẩm Imexpharm
CJC,CTCP Cơ điện Miền Trung
MSN,CTCP Tập đoàn Masan
PV2,CTCP Đầu tư PV2
CII,CTCP Đầu tư Hạ tầng Kỹ thuật Thành phố Hồ Chí Minh
STD,CTCP Bia - Nước giải khát Sài Gòn - Tây Đô
MDC,CTCP Than Mông Dương - Vinacomin
TCL,CTCP Đại lý Giao nhận Vận tải Xếp dỡ Tân Cảng
DTT,CTCP Kỹ nghệ Đô Thành
UIC,CTCP Đầu tư Phát triển Nhà và Đô thị IDICO
NQN,CTCP Nước sạch Quảng Ninh
UDC,CTCP Đầu tư Xây dựng UDCons
VE8,CTCP Xây dựng Điện VNECO 8
DPM,Tổng Công ty Phân bón và Hóa chất Dầu khí - CTCP
LKW,CTCP Cấp nước Long Khánh
NTL,CTCP Phát triển Đô thị Từ Liêm
TTH,CTCP Thương mại và Dịch vụ Tiến Thành
BRC,CTCP Cao su Bến Thành
DTD,CTCP Đầu tư Phát triển Thành Đạt
AFX,CTCP Xuất nhập khẩu Nông sản Thực phẩm An Giang
KGM,CTCP Xuất nhập khẩu Kiên Giang
FOC,CTCP Dịch vụ Trực tuyến FPT
DM7,CTCP Dệt May 7
USC,CTCP Khảo sát và Xây dựng -USCO
CMD,CTCP Vật liệu Xây dựng và Trang trí nội thất Thành phố Hồ Chí Minh
MML,CTCP Masan MeatLife
POM,CTCP Thép Pomina
DCL,CTCP Dược phẩm Cửu Long
DMN,CTCP Domenal
BTN,CTCP Đầu tư Bitco Bình Định
S72,CTCP Sông Đà 7.02
ACG,CTCP Gỗ An Cường
MDG,CTCP Miền Đông
DHP,CTCP Điện cơ Hải Phòng
CCT,CTCP Cảng Cần Thơ
MGR,CTCP Tập đoàn MGROUP
HPO,CTCP Công nghiệp Hapulico
QHD,CTCP Que hàn điện Việt Đức
POW,Tổng Công ty Điện lực Dầu khí Việt Nam - CTCP
CIA,CTCP Dịch vụ Sân bay Quốc tế Cam Ranh
CLL,CTCP Cảng Cát Lái
HTP,CTCP In Sách Giáo khoa Hòa Phát
BT6,CTCP Beton 6
PAI,CTCP Công nghệ thông tin Viễn thông và Tự động hóa Dầu Khí
LGL,CTCP Đầu tư và Phát triển Đô thị Long Giang
APT,CTCP Kinh doanh Thủy Hải Sản Sài Gòn
QPH,CTCP Thủy điện Quế Phong
VXT,CTCP Kho vận và Dịch vụ Thương mại
TV4,CTCP Tư vấn Xây dựng Điện 4
TRT,CTCP RedstarCera
VMA,CTCP Công nghiệp Ô tô - Vinacomin
TTG,CTCP May Thanh Trì
CLX,CTCP Xuất nhập khẩu và Đầu tư Chợ Lớn (CHOLIMEX)
PVR,CTCP Đầu tư PVR Hà Nội
PHP,CTCP Cảng Hải Phòng
BFC,CTCP Phân bón Bình Điền
GIL,CTCP Sản xuất Kinh doanh và Xuất nhập khẩu Bình Thạnh
GLW,CTCP Cấp thoát nước Gia Lai
PTV,CTCP Thương mại Dầu khí
TIG,CTCP Tập đoàn Đầu tư Thăng Long
VGP,CTCP Cảng Rau Quả
MTP,CTCP Dược Medipharco
GLC,CTCP Vàng Lào Cai
TR1,CTCP Vận Tải 1 Traco
BCR,CTCP BCG Land
PHH,CTCP Hồng Hà Việt Nam
VXB,CTCP Vật liệu Xây dựng Bến Tre
PHR,CTCP Cao su Phước Hòa
HVA,CTCP Đầu tư HVA
PPI,CTCP Đầu tư và Phát triển Dự án Hạ tầng Thái Bình Dương
SD2,CTCP Sông Đà 2
FPT,CTCP FPT
PCH,CTCP Nhựa Picomat
KSQ,CTCP CNC Capital Việt Nam
DCH,CTCP Địa chính Hà Nội
BKC,CTCP Khoáng sản Bắc Kạn
CDP,CTCP Dược phẩm Trung ương Codupha
HLO,CTCP Công nghệ Ha Lô
DGC,CTCP Tập đoàn Hóa chất Đức Giang
NLS,CTCP Cấp thoát nước Lạng Sơn
VMC,CTCP Vimeco
NVL,CTCP Tập đoàn Đầu tư Địa ốc No Va 
LAF,CTCP Chế biến hàng Xuất khẩu Long An
VTK,CTCP Tư Vấn Và Dịch Vụ Viettel
MHL,CTCP Minh Hữu Liên
TPC,CTCP Nhựa Tân Đại Hưng
LHG,CTCP Long Hậu
VSC,CTCP Container Việt Nam
SGI,CTCP Đầu tư SGI Holdings
PTX,CTCP Vận tải và Dịch vụ Petrolimex Nghệ Tĩnh
DVM,CTCP Dược liệu Việt Nam
DAS,CTCP Máy - Thiết bị Dầu khí Đà Nẵng
MCP,CTCP In và Bao bì Mỹ Châu
PNG,CTCP Thương mại Phú Nhuận
PVI,CTCP PVI
VPC,CTCP Đầu tư và Phát triển Năng lượng Việt Nam
VNS,CTCP Ánh Dương Việt Nam
IDC,Tổng Công ty IDICO - CTCP
THG,CTCP Đầu tư và Xây dựng Tiền Giang
VTQ,CTCP Việt Trung Quảng Bình
BMI,Tổng Công ty cổ phần Bảo Minh
TKA,CTCP Bao bì Tân Khánh An
E29,CTCP Đầu tư Xây dựng và Kỹ thuật 29
PVM,CTCP Máy - Thiết bị Dầu khí
MBT,CTCP Bất động sản cho thuê Minh Bảo Tín
SFI,CTCP Đại lý Vận tải SAFI
RDP,CTCP Rạng Đông Holding
L62,CTCP Lilama 69-2
QST,CTCP Sách và Thiết bị Trường học Quảng Ninh
HDM,CTCP Dệt may Huế
FCM,CTCP Bê tông Phan Vũ Hà Nam
KDC,CTCP Tập đoàn KIDO
VGS,CTCP Ống thép Việt - Đức VG PIPE
BCC,CTCP Xi măng Bỉm Sơn
MQN,CTCP Môi trường đô thị Quảng Ngãi
CPI,CTCP Đầu tư Cảng Cái Lân
QHW,CTCP Nước khoáng Quảng Ninh
LO5,CTCP Lilama 5
CAN,CTCP Đồ hộp Hạ Long
PAT,CTCP Phốt Pho Apatit Việt Nam
POS,CTCP Vận hành và Xây lắp PTSC
BT1,CTCP Bảo vệ Thực vật 1 Trung Ương
UXC,CTCP Chế biến Thủy sản Út Xi
ABS,CTCP Dịch vụ Nông nghiệp Bình Thuận
VCT,CTCP Tư vấn Xây dựng Vinaconex
DPG,CTCP Tập đoàn Đạt Phương
BDT,CTCP Xây lắp và Vật liệu Xây dựng Đồng Tháp
MND,CTCP Môi trường Nam Định
SD6,CTCP Sông Đà 6
NDF,CTCP Chế biến Thực phẩm Nông sản xuất khẩu Nam Định
DKC,CTCP Chợ Lạng Sơn
SGN,CTCP Phục vụ Mặt đất Sài Gòn
LDP,CTCP Dược Lâm Đồng (Ladophar)
NJC,CTCP May Nam Định
TTC,CTCP Gạch men Thanh Thanh
PID,CTCP Trang Trí Nội Thất Dầu khí
HEC,CTCP Tư vấn Xây dựng Thủy Lợi II
SPC,CTCP Bảo vệ Thực vật Sài Gòn
PXA,CTCP Đầu tư và Thương mại Dầu khí Nghệ An
VPR,CTCP VinaPrint
VDN,CTCP Vinatex Đà Nẵng
H11,CTCP Xây dựng HUD101
SCJ,CTCP Xi măng Sài Sơn
GMH,CTCP Minh Hưng Quảng Trị
FTI,CTCP Công nghiệp - Thương mại Hữu Nghị
PLE,CTCP Tư vấn Xây dựng Petrolimex
PGV,Tổng Công ty Phát điện 3 - CTCP
XMP,CTCP Thủy điện Xuân Minh
DSG,CTCP Kính Đáp Cầu
BBT,CTCP Bông Bạch Tuyết
SRC,CTCP Cao su Sao Vàng
KSD,CTCP Đầu tư DNA
NT2,CTCP Điện lực Dầu khí Nhơn Trạch 2
NRC,CTCP Tập đoàn NRC
SGD,CTCP Sách Giáo dục tại Thành phố Hồ Chí Minh
DCS,CTCP Tập đoàn EDX
TNC,CTCP Cao su Thống Nhất
VRG,CTCP Phát triển Đô thị và Khu công nghiệp Cao su Việt Nam
STL,CTCP Sông Đà Thăng Long
HC3,CTCP Xây dựng Số 3 Hải Phòng
LEC,CTCP Bất động sản Điện lực Miền Trung
PPE,CTCP Tư vấn đầu tư PP Enterprise
QNC,CTCP Xi măng và Xây dựng Quảng Ninh
DIH,CTCP Đầu tư Phát triển Xây dựng - Hội An
PAC,CTCP Pin Ắc quy Miền Nam
PLA,CTCP Đầu tư và Dịch vụ Hạ tầng Xăng dầu
GMX,CTCP Gạch ngói Gốm Xây dựng Mỹ Xuân
MDA,CTCP Môi trường Đô thị Đông Anh
VNF,CTCP Vinafreight
GTA,CTCP Chế biến gỗ Thuận An
CRV,CTCP Tập đoàn Bất động sản CRV
DAC,CTCP 382 Đông Anh
PSD,CTCP Dịch vụ Phân phối Tổng hợp Dầu khí
PTM,CTCP Sản xuất Thương mại và Dịch vụ Ô tô PTM
HGM,CTCP Cơ khí và Khoáng sản Hà Giang
ANT,CTCP Rau quả Thực phẩm An Giang
CCM,CTCP khoáng sản và Xi măng Cần Thơ
VBC,CTCP Nhựa - Bao bì Vinh
DHC,CTCP Đông Hải Bến Tre
LPT,CTCP Thương mại và Sản xuất Lập Phương Thành
BHK,CTCP Bia Hà Nội - Kim Bài
VOS,CTCP Vận tải Biển Việt Nam
TLH,CTCP Tập đoàn Thép Tiến Lên
CCR,CTCP Cảng Cam Ranh
MSR,CTCP Masan High-Tech Materials
CCC,CTCP Xây dựng CDC
ALV,CTCP Tập đoàn MCST
ARM,CTCP Xuất nhập khẩu Hàng không
BRS,CTCP Dịch vụ Đô thị Bà Rịa
DRL,CTCP Thủy điện - Điện Lực 3
L61,CTCP Lilama 69-1
HD6,CTCP Đầu tư và Phát triển Nhà Số 6 Hà Nội
HMS,CTCP Xây dựng Bảo tàng Hồ Chí Minh
ITA,CTCP Đầu tư và Công nghiệp Tân Tạo
STK,CTCP Sợi Thế Kỷ
PSC,CTCP Vận tải và Dịch vụ Petrolimex Sài Gòn
HGT,CTCP Du lịch Hương Giang
CNT,CTCP Tập đoàn CNT
PJS,CTCP Cấp nước Phú Hòa Tân
DTG,CTCP Dược phẩm Tipharco
PSP,CTCP Cảng Dịch vụ Dầu khí Đình Vũ
CKA,CTCP Cơ Khí An Giang
GKM,CTCP GKM Holdings
TV6,CTCP Tập đoàn EMA Land
RIC,CTCP Quốc tế Hoàng Gia
PNC,CTCP Văn hóa Phương Nam
GMC,CTCP Garmex Sài Gòn
TDH,CTCP Phát triển Nhà Thủ Đức
HU3,CTCP Đầu tư và Xây dựng HUD3
X20,CTCP X20
VSE,CTCP Dịch vụ Đường cao tốc Việt Nam
IST,CTCP ICD Tân Cảng Sóng Thần
BDG,CTCP May mặc Bình Dương
TMX,CTCP VICEM Thương mại Xi măng
DDH,CTCP Đảm bảo Giao thông Đường thủy Hải Phòng
HLA,CTCP Hữu Liên Á Châu
DPH,CTCP Dược phẩm Hải Phòng
GCB,CTCP Petec Bình Định
TFC,CTCP Trang
NHC,CTCP Gạch ngói Nhị Hiệp
HNI,CTCP May Hữu Nghị
NO1,CTCP Tập đoàn 911
GND,CTCP Gạch ngói Đồng Nai
TIS,CTCP Gang thép Thái Nguyên
HNB,CTCP Bến xe Hà Nội
MIE,Tổng Công ty Máy và Thiết bị Công nghiệp - CTCP
GMA,CTCP G-Automobile
HND,CTCP Nhiệt điện Hải Phòng
TIP,CTCP Phát triển Khu Công nghiệp Tín Nghĩa
GEX,CTCP Tập đoàn GELEX
AMC,CTCP Khoáng sản Á Châu
FMC,CTCP Thực phẩm Sao Ta
GEL,CTCP Hạ tầng GELEX
KTL,CTCP Kim Khí Thăng Long
NAW,CTCP Cấp nước Nghệ An
VNB,CTCP Sách Việt Nam
UDJ,CTCP Phát triển Đô thị
PTP,CTCP PTP
QBS,CTCP Xuất nhập khẩu Quảng Bình
HAX,CTCP Dịch vụ Ô tô Hàng Xanh
TTF,CTCP Tập đoàn Kỹ nghệ gỗ Trường Thành
MLS,CTCP Chăn nuôi - Mitraco
ITQ,CTCP Tập đoàn Thiên Quang
CSC,CTCP Tập đoàn Cotana
BDW,CTCP Cấp thoát nước Bình Định
MCM,CTCP Giống Bò sữa Mộc Châu
PDR,CTCP Phát triển Bất động sản Phát Đạt
HNG,CTCP Nông nghiệp Quốc tế Hoàng Anh Gia Lai
SBD,CTCP Công nghệ Sao Bắc Đẩu
VMT,CTCP Giao nhận Vận tải miền Trung
TTA,CTCP Đầu tư Xây dựng và Phát triển Trường Thành
VHE,CTCP Dược liệu và Thực phẩm Việt Nam
HLS,CTCP Sứ Kỹ thuật Hoàng Liên Sơn
VW3,CTCP Viwaseen3
PVE,Tổng Công ty Tư vấn thiết kế Dầu khí - CTCP
ST8,CTCP Tập đoàn ST8
API,CTCP Đầu tư Châu Á - Thái Bình Dương
VLW,CTCP Cấp nước Vĩnh Long
ISH,CTCP Thủy điện Srok Phu Miêng IDICO
VHL,CTCP Viglacera Hạ Long
KDH,CTCP Đầu tư và Kinh doanh Nhà Khang Điền
DST,CTCP Đầu tư Sao Thăng Long
PAN,CTCP Tập đoàn PAN
HPI,CTCP Khu công nghiệp Hiệp Phước
DCR,CTCP Gạch men Cosevco
HPB,CTCP Bao bì PP
SVH,CTCP Thủy điện Sông Vàng
SCI,CTCP SCI E&C
PXT,CTCP Xây lắp Đường ống Bể chứa Dầu khí
NOS,CTCP Vận tải biển và Thương mại Phương Đông
GER,CTCP Thể thao Ngôi sao Geru
SP2,CTCP Thủy điện Sử Pán 2
MBN,CTCP Môi trường và Công trình đô thị Bắc Ninh
VTC,CTCP Viễn thông VTC
SVC,CTCP Dịch vụ Tổng hợp Sài Gòn
XMD,CTCP Xuân Mai - Đạo Tú
IFS,CTCP Thực phẩm Quốc tế
MQB,CTCP Môi trường và Phát triển Đô thị Quảng Bình
TBR,CTCP Địa ốc Tân Bình
DNH,CTCP Thủy điện Đa Nhim - Hàm Thuận - Đa Mi
EVG,CTCP Tập đoàn EverLand
NBW,CTCP Cấp nước Nhà Bè
HSL,CTCP Đầu tư Phát triển Thực phẩm Hồng Hà
NBB,CTCP Đầu tư Năm Bảy Bảy
DXP,CTCP Cảng Đoạn Xá
KSF,CTCP Tập đoàn Sunshine
HNM,CTCP Sữa Hà Nội
TTS,CTCP Cán Thép Thái Trung
BCV,CTCP Du lịch và Thương mại Bằng Giang Cao Bằng - Vimico
VMD,CTCP Y Dược phẩm Vimedimex
SMB,CTCP Bia Sài Gòn - Miền Trung
VDB,CTCP Vận tải và Chế biến Than Đông Bắc
DNW,CTCP Cấp nước Đồng Nai
AGG,CTCP Đầu tư và Phát triển Bất động sản An Gia
VPD,CTCP Phát triển Điện lực Việt Nam
MPY,CTCP Môi trường Đô thị Phú Yên
DTA,CTCP Đệ Tam
LMC,CTCP LUMI Holdings
BVH,Tập đoàn Bảo Việt
EIC,CTCP EVN Quốc tế
TIE,CTCP TIE
DFC,CTCP Xích líp Đông Anh
SAF,CTCP Lương thực Thực phẩm Safoco
VVS,CTCP Đầu tư phát triển máy Việt Nam
DNP,CTCP DNP Holding
HAG,CTCP Hoàng Anh Gia Lai
CPA,CTCP Cà phê Phước An
NED,CTCP Đầu tư và Phát triển Điện Tây Bắc
VDG,CTCP Vạn Đạt Group
MKP,CTCP Hoá - Dược phẩm Mekophar
VNL,CTCP Logistics Vinalink
VIP,CTCP Vận tải Xăng dầu VIPCO
VLP,CTCP Công trình Công cộng Vĩnh Long
HDG,CTCP Tập đoàn Hà Đô
X26,CTCP 26
PGD,CTCP Phân phối khí thấp áp Dầu khí Việt Nam
SSG,CTCP Vận tải biển Hải Âu
USD,CTCP Công trình Đô thị Sóc Trăng
PDN,CTCP Cảng Đồng Nai
CID,CTCP Xây dựng và Phát triển Cơ sở Hạ tầng
TA9,CTCP Xây lắp Thành An 96
A32,CTCP 32
PMP,CTCP Bao bì đạm Phú Mỹ
BGE,CTCP BCG Energy
TIN,Công Ty Tài chính tổng hợp cổ phần Tín Việt
PSN,CTCP Dịch Vụ Kỹ Thuật PTSC Thanh Hóa
VIR,CTCP Du lịch Quốc tế Vũng Tàu
DLR,CTCP Địa ốc Đà Lạt
LTG,CTCP Tập đoàn Lộc Trời
SSF,CTCP Giáo dục G Sài Gòn
TPS,CTCP Bến Bãi Vận tải Sài Gòn
VE3,CTCP Xây dựng Điện VNECO 3
TAW,CTCP Cấp nước Trung An
HMG,CTCP Kim khí Hà Nội - VNSTEEL
PTO,CTCP Dịch vụ - Xây dựng Công trình Bưu Điện
VLS,CTCP Sản xuất Thép Việt Long
CNA,CTCP Tổng Công ty Chè Nghệ An
FSO,CTCP Cơ khí đóng tàu Thủy sản Việt Nam
PGN,CTCP Phụ Gia Nhựa
GSP,CTCP Vận tải Sản Phẩm Khí Quốc tế
LM8,CTCP Lilama 18
THW,CTCP Cấp nước Tân Hòa
VTA,CTCP Vitaly
SNC,CTCP Xuất nhập khẩu Thủy sản Năm Căn
E12,CTCP Xây dựng Điện VNECO12
ICI,CTCP Đầu tư và Xây dựng Công nghiệp
VSF,Tổng Công ty Lương thực Miền Nam - CTCP
OPC,CTCP Dược phẩm OPC
TPP,CTCP Tân Phú Việt Nam
HID,CTCP Halcom Việt Nam
FHS,CTCP Phát hành Sách Thành phố Hồ Chí Minh
EFI,CTCP Đầu tư Tài chính Giáo dục
SD9,CTCP Sông Đà 9
TTE,CTCP Đầu tư Năng lượng Trường Thịnh
BLF,CTCP Thủy sản Bạc Liêu
KTT,CTCP Tập đoàn Đầu tư KTT
BCG,CTCP Tập đoàn Bamboo Capital
CYC,CTCP Gạch men Chang Yih
KMT,CTCP Kim khí Miền Trung
GLT,CTCP Kỹ thuật Điện Toàn cầu
C92,CTCP Xây dựng và Đầu tư 492
PXM,CTCP Xây lắp Dầu khí Miền Trung
VNH,CTCP Đầu tư Việt Việt Nhật
BAL,CTCP Bao bì Bia - Rượu - Nước giải khát
UNI,CTCP Đầu Tư Và Phát Triển Sao Mai Việt
NAU,CTCP Môi trường và Công trình Đô thị Nghệ An
DUS,CTCP Dịch vụ Đô thị Đà Lạt
TET,CTCP Vải sợi May mặc Miền Bắc
L45,CTCP Lilama 45.1
SAS,CTCP Dịch vụ Hàng không Sân bay Tân Sơn Nhất
PLX,Tập đoàn Xăng Dầu Việt Nam
MCC,CTCP Gạch ngói Cao cấp
BVL,CTCP BV Land
BHA,CTCP Thủy điện Bắc Hà
XMC,CTCP Đầu tư và Xây dựng Xuân Mai
VC2,CTCP Đầu tư và Xây dựng Vina2
VBT,CTCP Vận tải Bảo Thắng
HPG,CTCP Tập đoàn Hòa Phát
DTI,CTCP Đầu tư Đức Trung
HJS,CTCP Thủy điện Nậm Mu
VKP,CTCP Nhựa Tân Hóa
GMD,CTCP Tập đoàn Gemadept
NAV,CTCP Nam Việt
HLB,CTCP Bia và Nước giải khát Hạ Long
HAP,CTCP Tập đoàn Hapaco
CMK,CTCP Cơ khí Mạo Khê - Vinacomin
SED,CTCP Đầu tư và Phát triển Giáo dục Phương Nam
CCI,CTCP Đầu tư Phát triển Công nghiệp Thương mại Củ Chi
VNI,CTCP Đầu tư Bất động sản Việt Nam
VNE,Tổng Công ty cổ phần Xây dựng Điện Việt Nam
BSP,CTCP Bia Sài Gòn - Phú Thọ
TNW,CTCP Nước sạch Thái Nguyên
SPD,CTCP Xuất nhập khẩu Thủy sản Miền Trung
HHB,CTCP Bia Hà Nội - Hồng Hà
WTC,CTCP Vận tải Thủy - Vinacomin
VGL,CTCP Mạ Kẽm Công Nghiệp Vingal - Vnsteel
STT,CTCP Vận chuyển Sài Gòn Tourist
DQC,CTCP Tập đoàn Điện Quang
DNA,CTCP Điện Nước An Giang
CAG,CTCP Cảng An Giang
DSP,CTCP Dịch vụ Du lịch Phú Thọ
NTF,CTCP Dược - Vật tư Y tế Nghệ An
PHC,CTCP Xây dựng Phục Hưng Holdings
HII,CTCP An Tiến Industries
CFV,CTCP Cà phê Thắng Lợi
SZE,CTCP Môi trường Sonadezi
DNL,CTCP Logistics Cảng Đà Nẵng
LDG,CTCP Đầu tư LDG
MVC,CTCP Vật liệu và Xây dựng Bình Dương
PVB,CTCP Bọc ống Dầu khí Việt Nam
BED,CTCP Sách và Thiết bị Trường học Đà Nẵng
LLM,Tổng Công ty Lắp máy Việt Nam - CTCP
XPH,CTCP Xà phòng Hà Nội
TSD,CTCP Du lịch Trường Sơn COECCO
VGT,Tập đoàn Dệt May Việt Nam
BHN,Tổng Công ty cổ phần Bia - Rượu - Nước giải khát Hà Nội
BSA,CTCP Thủy điện Buôn Đôn
PLC,Tổng Công ty Hóa dầu Petrolimex - CTCP
ILB,CTCP ICD Tân Cảng - Long Bình
SBL,CTCP Bia Sài Gòn - Bạc Liêu
HDC,CTCP Phát triển Nhà Bà Rịa - Vũng Tàu
TV1,CTCP Tư vấn Xây dựng Điện 1
JOS,CTCP Chế biến Thủy sản xuất khẩu Minh Hải
TVA,CTCP Sứ Viglacera Thanh Trì
BAF,CTCP Nông nghiệp BAF Việt Nam
PWA,CTCP Bất động sản Dầu khí
HSG,CTCP Tập đoàn Hoa Sen
MEL,CTCP Thép Mê Lin
DIC,CTCP Đầu tư và Thương mại DIC
MCO,CTCP Đầu tư và Xây dựng BDC Việt Nam
